biosample_acc,asm_acc,collection_date,sources,meropenem,gentamicin,ciprofloxacin,trimethoprim-sulfamethoxazole,cefoxitin
SAMEA104567786,GCA_900775465.1,,portal,,,,S,
SAMEA104567796,GCA_900774815.1,,portal,,,,S,
SAMEA104567803,GCA_900774915.1,,portal,,,,S,
SAMEA104567807,GCA_900774905.1,,portal,,,,S,
SAMEA104567808,GCA_900774895.1,,portal,,,,S,
SAMEA104567809,GCA_900774825.1,,portal,,,,S,
SAMEA104567813,GCA_900774965.1,,portal,,,,S,
SAMEA104567816,GCA_900774995.1,,portal,,,,S,
SAMEA104567817,GCA_900774985.1,,portal,,,,S,
SAMEA104567819,GCA_900775035.1,,portal,,,,R,
SAMEA104567825,GCA_900775055.1,,portal,,,,S,
SAMEA104567832,GCA_900775185.1,,portal,,,,S,
SAMEA104567837,GCA_900775225.1,,portal,,,,S,
SAMEA104567838,GCA_900775245.1,,portal,,,,S,
SAMEA104567840,GCA_900775265.1,,portal,,,,S,
SAMEA104567841,GCA_900775255.1,,portal,,,,S,
SAMEA104567846,GCA_900775315.1,,portal,,,,R,
SAMEA104567852,GCA_900775365.1,,portal,,,,S,
SAMEA104567853,GCA_900775415.1,,portal,,,,S,
SAMEA104567855,GCA_900775405.1,,portal,,,,S,
SAMEA104567861,GCA_900775505.1,,portal,,,,R,
SAMEA104567863,GCA_900775515.1,,portal,,,,S,
SAMEA104567864,GCA_900775525.1,,portal,,,,S,
SAMEA104567871,GCA_900775625.1,,portal,,,,S,
SAMEA104567874,GCA_900775595.1,,portal,,,,S,
SAMEA104567875,GCA_900775615.1,,portal,,,,S,
SAMEA104567876,GCA_900775645.1,,portal,,,,R,
SAMEA104567879,GCA_900774295.1,,portal,,,,S,
SAMEA104567885,GCA_900774235.1,,portal,,,,S,
SAMEA104567886,GCA_900774275.1,,portal,,,,S,
SAMEA104567887,GCA_900774375.1,,portal,,,,R,
SAMEA104567891,GCA_900774425.1,,portal,,,,S,
SAMEA104567896,GCA_900774215.1,,portal,,,,R,
SAMEA104567897,GCA_900774125.1,,portal,,,,S,
SAMEA104567904,GCA_900774175.1,,portal,,,,S,
SAMEA104567908,GCA_900774445.1,,portal,,,,S,
SAMEA104567914,GCA_900774485.1,,portal,,,,S,
SAMEA104567918,GCA_900774565.1,,portal,,,,S,
SAMEA104567919,GCA_900774595.1,,portal,,,,S,
SAMEA104567920,GCA_900774515.1,,portal,,,,S,
SAMEA104567921,GCA_900774605.1,,portal,,,,S,
SAMEA104567931,GCA_900774695.1,,portal,,,,S,
SAMEA104567933,GCA_900774705.1,,portal,,,,R,
SAMEA104567937,GCA_900774745.1,,portal,,,,R,
SAMEA4873555,GCA_022199945.1,,portal,S,S,S,S,
SAMEA4873556,GCA_022199845.1,,portal,S,S,R,S,
SAMEA4873557,GCA_022199885.1,,portal,S,S,S,S,
SAMEA4873558,GCA_022199825.1,,portal,S,R,R,R,
SAMEA4873559,GCA_022199865.1,,portal,S,R,S,R,
SAMEA4873560,GCA_022199785.1,,portal,S,S,S,S,
SAMEA4873561,GCA_022326705.1,,portal,S,S,S,S,
SAMEA4873562,GCA_022199805.1,,portal,S,S,R,S,
SAMEA4873564,GCA_900775775.1,,portal,,,,S,
SAMEA4873569,GCA_900775795.1,,portal,,,,S,
SAMEA4873570,GCA_900775815.1,,portal,,,,S,
SAMEA4873572,GCA_900775835.1,,portal,,,,S,
SAMEA4873576,GCA_900775935.1,,portal,,,,S,
SAMEA4873580,GCA_900775925.1,,portal,,,,R,
SAMEA4873582,GCA_900775915.1,,portal,,,,S,
SAMEA4873584,GCA_900775955.1,,portal,,,,S,
SAMEA4873588,GCA_900775995.1,,portal,,,,S,
SAMEA4873594,GCA_900776065.1,,portal,,,,S,
SAMEA4873595,GCA_900776075.1,,portal,,,,S,
SAMEA4873599,GCA_900776145.1,,portal,,,,S,
SAMEA4873604,GCA_900776175.1,,portal,,,,S,
SAMEA4873621,GCA_900776335.1,,portal,,,,S,
SAMEA4873629,GCA_022199525.1,,portal,S,R,R,R,
SAMEA4873632,GCA_900776435.1,,portal,,,,R,
SAMEA4873637,GCA_900776495.1,,portal,,,,R,
SAMEA4873642,GCA_900776525.1,,portal,,,,S,
SAMEA4873644,GCA_900776545.1,,portal,,,,S,
SAMEA4873645,GCA_021858665.1,,portal,S,R,R,R,
SAMEA4873646,GCA_022199745.1,,portal,S,S,S,S,
SAMEA4873647,GCA_022199765.1,,portal,S,S,S,R,
SAMEA4873648,GCA_022199725.1,,portal,S,R,R,R,
SAMEA4873649,GCA_022199705.1,,portal,S,R,R,R,
SAMEA4873650,GCA_022199685.1,,portal,S,S,S,R,
SAMEA4873651,GCA_022199665.1,,portal,S,R,R,R,
SAMEA4873652,GCA_022199625.1,,portal,S,R,S,R,
SAMEA4873653,GCA_022199605.1,,portal,S,S,S,S,
SAMEA4873654,GCA_022199645.1,,portal,S,S,S,S,
SAMEA4873659,GCA_900775725.1,,portal,,,,S,
SAMEA4873662,GCA_900775695.1,,portal,,,,S,
SAMEA4873663,GCA_900775735.1,,portal,,,,S,
SAMN02138620,GCA_000567505.1,NULL,portal+ncbi,R,,,,
SAMN02138645,GCA_000567285.1,NULL,portal+ncbi,S,,,,
SAMN02138661,GCA_000521985.1,2012-09,portal+ncbi,S,,,,
SAMN02138666,GCA_000567225.2,2012-09,portal+ncbi,R,,,,
SAMN02141705,GCA_000417385.1,NULL,ncbi,R,S,R,R,
SAMN02141966,GCA_000406505.1,NULL,ncbi,S,S,S,S,
SAMN02141967,GCA_000406665.1,NULL,ncbi,R,S,R,R,
SAMN02141968,GCA_000406465.1,NULL,ncbi,R,,R,R,
SAMN02141969,GCA_000417105.1,NULL,ncbi,R,S,R,S,
SAMN02141970,GCA_000409045.1,NULL,ncbi,R,S,R,S,
SAMN02141971,GCA_000417185.1,NULL,ncbi,R,S,R,S,
SAMN02141972,GCA_000417265.2,NULL,ncbi,R,S,R,R,
SAMN02141973,GCA_000406425.1,NULL,ncbi,R,S,R,R,
SAMN02141974,GCA_000417465.1,NULL,ncbi,S,R,R,R,
SAMN02141975,GCA_000417545.1,NULL,ncbi,S,R,R,R,
SAMN02141976,GCA_000417245.1,NULL,ncbi,R,R,R,R,
SAMN02141977,GCA_000406685.1,NULL,ncbi,R,R,R,R,
SAMN02141978,GCA_000401195.1,NULL,ncbi,R,S,R,R,
SAMN02141979,GCA_000406605.1,NULL,ncbi,R,S,R,R,
SAMN02141980,GCA_000417485.1,NULL,ncbi,R,S,S,S,
SAMN02141981,GCA_000417225.2,NULL,ncbi,R,S,R,R,
SAMN02141982,GCA_000417205.1,NULL,ncbi,R,R,R,R,
SAMN02141983,GCA_000406385.1,NULL,ncbi,R,,S,S,
SAMN02141984,GCA_000406445.1,NULL,ncbi,R,,R,R,
SAMN02141985,GCA_000417145.1,NULL,ncbi,R,R,R,R,
SAMN02141986,GCA_000406705.1,NULL,ncbi,R,,R,R,
SAMN02141987,GCA_000408965.1,2008-12-22,ncbi,R,S,R,R,
SAMN02141988,GCA_000417405.1,NULL,ncbi,R,S,R,R,
SAMN02141989,GCA_000417365.1,NULL,ncbi,R,S,R,S,
SAMN02141990,GCA_000417425.1,NULL,ncbi,R,S,R,S,
SAMN02141991,GCA_000406485.1,NULL,ncbi,R,S,R,S,
SAMN02141992,GCA_000406745.1,NULL,ncbi,R,S,R,R,
SAMN02141993,GCA_000406765.2,NULL,ncbi,R,S,R,S,
SAMN02141994,GCA_000406865.1,NULL,ncbi,R,R,R,R,
SAMN02141995,GCA_000406885.1,NULL,ncbi,R,,R,S,
SAMN02141996,GCA_000409065.1,NULL,ncbi,R,S,R,R,
SAMN02142000,GCA_000417165.1,NULL,ncbi,R,S,R,R,
SAMN02142001,GCA_000409105.1,NULL,ncbi,R,R,R,R,
SAMN02142015,GCA_000406405.1,NULL,ncbi,R,R,R,R,
SAMN02142016,GCA_000409005.1,NULL,ncbi,R,R,R,R,
SAMN02142017,GCA_000417125.1,NULL,ncbi,R,S,R,R,
SAMN02142018,GCA_000409085.1,NULL,ncbi,R,R,R,R,
SAMN02142019,GCA_000709225.1,NULL,ncbi,S,S,R,R,
SAMN02142020,GCA_000409125.1,NULL,ncbi,R,R,R,R,
SAMN02142021,GCA_000417045.1,NULL,ncbi,R,R,R,R,
SAMN02142022,GCA_000417065.1,NULL,ncbi,R,S,R,S,
SAMN02142023,GCA_000417445.1,NULL,ncbi,R,R,R,R,
SAMN02142026,GCA_000417305.1,NULL,ncbi,R,R,R,R,
SAMN02142027,GCA_000417325.1,NULL,ncbi,R,R,R,R,
SAMN02142028,GCA_000406525.1,NULL,ncbi,R,R,R,R,
SAMN02142029,GCA_000417345.1,NULL,ncbi,R,R,R,R,
SAMN02142041,GCA_000406725.1,NULL,ncbi,R,R,R,S,
SAMN02142042,GCA_000406825.1,NULL,ncbi,R,R,R,R,
SAMN02142043,GCA_000406845.1,NULL,ncbi,R,S,R,R,
SAMN02142044,GCA_000406585.1,NULL,ncbi,R,S,R,R,
SAMN02142047,GCA_000406625.1,NULL,ncbi,R,S,R,R,
SAMN02142048,GCA_000409025.1,NULL,ncbi,R,S,R,R,
SAMN02142049,GCA_000406565.1,NULL,ncbi,R,S,R,R,
SAMN02142050,GCA_000406545.1,NULL,ncbi,R,R,R,R,
SAMN02142051,GCA_000406645.1,NULL,ncbi,R,S,R,R,
SAMN02356593,GCA_000567045.1,2013-02,portal+ncbi,R,,,,
SAMN02356597,GCA_000706585.1,NULL,portal+ncbi,R,S,R,,R
SAMN02356599,GCA_000566985.1,NULL,ncbi,R,S,R,,R
SAMN02356600,GCA_000566965.1,NULL,ncbi,S,S,S,,S
SAMN02356601,GCA_000566945.1,NULL,ncbi,R,S,R,,R
SAMN02356602,GCA_000566925.1,NULL,ncbi,S,R,R,,S
SAMN02356605,GCA_000566905.1,NULL,ncbi,R,R,R,,R
SAMN02356606,GCA_000566885.1,NULL,ncbi,S,S,S,,S
SAMN02356613,GCA_000566865.1,NULL,ncbi,R,,R,,R
SAMN02356614,GCA_000566845.1,NULL,ncbi,S,S,S,,S
SAMN02356617,GCA_000566825.1,NULL,ncbi,R,R,R,,R
SAMN02356618,GCA_000566805.1,NULL,ncbi,S,S,R,,S
SAMN02356621,GCA_000566785.1,NULL,ncbi,R,S,R,,R
SAMN02356622,GCA_000566765.1,NULL,ncbi,S,S,S,,S
SAMN02356623,GCA_000566745.1,NULL,ncbi,S,R,R,,S
SAMN02356624,GCA_000566725.1,NULL,ncbi,S,R,R,,S
SAMN02581391,GCA_000694475.2,2013,portal+ncbi,R,,,,
SAMN03455989,GCA_004322955.1,2014,portal+ncbi,S,S,S,S,S
SAMN03455990,GCA_002918585.2,2014,portal+ncbi,R,S,R,R,
SAMN03455995,GCA_004322995.1,2015,portal+ncbi,R,S,S,R,
SAMN03892120,GCA_022316825.1,2012,portal+ncbi,S,S,R,R,
SAMN04014845,GCA_001875045.2,NULL,ncbi,R,S,R,R,R
SAMN04014846,GCA_001875055.2,NULL,ncbi,R,S,R,R,R
SAMN04014857,GCA_001875745.1,,portal,S,S,,S,R
SAMN04014892,GCA_022316255.1,NULL,ncbi,R,R,R,R,R
SAMN04357320,GCA_022315385.1,,portal,,S,S,,
SAMN04357321,GCA_022315405.1,,portal,,S,S,,
SAMN04357324,GCA_022315355.1,,portal,,R,R,,
SAMN04357325,GCA_022315305.1,,portal,,S,S,,
SAMN04357326,GCA_022315335.1,,portal,,R,R,,
SAMN04357327,GCA_022315245.1,,portal,,S,S,,
SAMN04357328,GCA_022315265.1,,portal,,S,S,,
SAMN04357329,GCA_022314915.1,,portal,,S,S,,
SAMN04357331,GCA_022315285.1,,portal,,S,R,,
SAMN04357332,GCA_022315225.1,,portal,,R,S,,
SAMN04357334,GCA_022314875.1,,portal,,R,R,,
SAMN04357337,GCA_022314855.1,,portal,,R,R,,
SAMN04357338,GCA_022314835.1,,portal,,S,S,,
SAMN04357339,GCA_022314815.1,,portal,,S,S,,
SAMN04357340,GCA_022315205.1,,portal,,R,R,,
SAMN04357341,GCA_022315095.1,,portal,,R,R,,
SAMN04357342,GCA_022315135.1,,portal,,S,S,,
SAMN04357343,GCA_022315075.1,,portal,,S,S,,
SAMN04357344,GCA_022315055.1,,portal,,R,R,,
SAMN04357345,GCA_022315115.1,,portal,,R,R,,
SAMN04357346,GCA_022314775.1,,portal,,S,S,,
SAMN04357348,GCA_022315035.1,,portal,,R,R,,
SAMN04357349,GCA_022315015.1,,portal,,S,S,,
SAMN04357350,GCA_022314795.1,,portal,,S,S,,
SAMN04357351,GCA_022314755.1,,portal,,R,R,,
SAMN04357352,GCA_022314995.1,,portal,,S,S,,
SAMN04357353,GCA_022314735.1,,portal,,S,S,,
SAMN04357354,GCA_022314975.1,,portal,,S,S,,
SAMN04357355,GCA_022314695.1,,portal,,S,S,,
SAMN04357356,GCA_022314955.1,,portal,,S,R,,
SAMN04357357,GCA_022314715.1,,portal,,S,R,,
SAMN04357358,GCA_022314655.1,,portal,,S,S,,
SAMN04357359,GCA_022314935.1,,portal,,R,R,,
SAMN04357361,GCA_022314675.1,,portal,,S,S,,
SAMN04357362,GCA_022314635.1,,portal,,S,S,,
SAMN04357363,GCA_022314895.1,,portal,,R,R,,
SAMN04357364,GCA_022314595.1,,portal,,S,S,,
SAMN04357366,GCA_022314575.1,,portal,,S,S,,
SAMN04357368,GCA_022314615.1,,portal,,R,R,,
SAMN04357369,GCA_022314555.1,,portal,,S,S,,
SAMN04357370,GCA_022314535.1,,portal,,S,S,,
SAMN04357371,GCA_022314515.1,,portal,,S,S,,
SAMN04357372,GCA_022314475.1,,portal,,S,R,,
SAMN04357373,GCA_022314495.1,,portal,,S,S,,
SAMN04357375,GCA_022314435.1,,portal,,R,R,,
SAMN04357376,GCA_022314455.1,,portal,,S,S,,
SAMN04357377,GCA_022314415.1,,portal,,S,S,,
SAMN04357378,GCA_022313565.1,,portal,,R,R,,
SAMN04357379,GCA_022313535.1,,portal,,S,S,,
SAMN04357380,GCA_022313455.1,,portal,,S,S,,
SAMN04357381,GCA_022313505.1,,portal,,S,S,,
SAMN04357383,GCA_022313495.1,,portal,,S,S,,
SAMN04357384,GCA_022313475.1,,portal,,S,S,,
SAMN04357385,GCA_022313335.1,,portal,,S,S,,
SAMN04357386,GCA_022313435.1,,portal,,S,S,,
SAMN04357387,GCA_022313355.1,,portal,,S,S,,
SAMN04357388,GCA_022313295.1,,portal,,S,S,,
SAMN04357392,GCA_022313375.1,,portal,,S,S,,
SAMN04357393,GCA_022313315.1,,portal,,S,S,,
SAMN04357394,GCA_022313255.1,,portal,,S,S,,
SAMN04357395,GCA_022313235.1,,portal,,S,S,,
SAMN04357397,GCA_022313275.1,,portal,,S,S,,
SAMN04357398,GCA_022313195.1,,portal,,S,S,,
SAMN04357400,GCA_022313215.1,,portal,,S,S,,
SAMN04357401,GCA_022313175.1,,portal,,R,R,,
SAMN04357402,GCA_022313135.1,,portal,,S,S,,
SAMN04357403,GCA_022313155.1,,portal,,S,S,,
SAMN04357405,GCA_022313115.1,,portal,,S,S,,
SAMN04357406,GCA_022313095.1,,portal,,S,S,,
SAMN04357407,GCA_022313055.1,,portal,,R,R,,
SAMN04357409,GCA_022313075.1,,portal,,S,S,,
SAMN04357413,GCA_022313015.1,,portal,,S,S,,
SAMN04357414,GCA_022313035.1,,portal,,S,S,,
SAMN04357415,GCA_022312995.1,,portal,,R,R,,
SAMN04357417,GCA_022312955.1,,portal,,S,S,,
SAMN04357419,GCA_022312975.1,,portal,,S,S,,
SAMN04357420,GCA_022312935.1,,portal,,S,S,,
SAMN04357421,GCA_022312915.1,,portal,,R,R,,
SAMN04357422,GCA_022312895.1,,portal,,S,S,,
SAMN04357423,GCA_022312875.1,,portal,,S,S,,
SAMN04357426,GCA_022312855.1,,portal,,S,S,,
SAMN04357427,GCA_022312835.1,,portal,,S,S,,
SAMN04357428,GCA_022312795.1,,portal,,R,S,,
SAMN04357429,GCA_022312815.1,,portal,,S,S,,
SAMN04357433,GCA_022313895.1,,portal,,S,S,,
SAMN04357435,GCA_022313615.1,,portal,,S,S,,
SAMN04357436,GCA_022315435.1,,portal,,S,R,,
SAMN04357437,GCA_022315545.1,,portal,,S,S,,
SAMN04357438,GCA_022315505.1,,portal,,S,S,,
SAMN04357439,GCA_022315525.1,,portal,,S,S,,
SAMN04357440,GCA_022315485.1,,portal,,S,S,,
SAMN04357441,GCA_022314375.1,,portal,,S,S,,
SAMN04357442,GCA_022314395.1,,portal,,R,R,,
SAMN04357443,GCA_022314335.1,,portal,,S,S,,
SAMN04357444,GCA_022314355.1,,portal,,S,S,,
SAMN04357448,GCA_022314295.1,,portal,,S,R,,
SAMN04357449,GCA_022314275.1,,portal,,S,S,,
SAMN04357450,GCA_022314305.1,,portal,,S,S,,
SAMN04357451,GCA_022314235.1,,portal,,R,R,,
SAMN04357452,GCA_022314255.1,,portal,,R,R,,
SAMN04357453,GCA_022314215.1,,portal,,R,R,,
SAMN04357454,GCA_022314195.1,,portal,,S,S,,
SAMN04357455,GCA_022314155.1,,portal,,S,S,,
SAMN04357456,GCA_022314135.1,,portal,,R,S,,
SAMN04357458,GCA_022314115.1,,portal,,S,S,,
SAMN04357461,GCA_022314075.1,,portal,,S,S,,
SAMN04357462,GCA_022314095.1,,portal,,S,S,,
SAMN04357463,GCA_022314055.1,,portal,,S,S,,
SAMN04357464,GCA_022314035.1,,portal,,S,R,,
SAMN04357465,GCA_022314015.1,,portal,,R,S,,
SAMN04357466,GCA_022313995.1,,portal,,R,S,,
SAMN04357467,GCA_022313955.1,,portal,,S,S,,
SAMN04357468,GCA_022313975.1,,portal,,S,S,,
SAMN04357469,GCA_022313935.1,,portal,,S,S,,
SAMN04357470,GCA_022313915.1,,portal,,S,S,,
SAMN04357471,GCA_022313855.1,,portal,,S,R,,
SAMN04357472,GCA_022313835.1,,portal,,R,R,,
SAMN04357473,GCA_022313815.1,,portal,,S,S,,
SAMN04357474,GCA_022313775.1,,portal,,S,S,,
SAMN04357475,GCA_022313755.1,,portal,,S,S,,
SAMN04357476,GCA_022313795.1,,portal,,S,S,,
SAMN04357478,GCA_022313735.1,,portal,,S,S,,
SAMN04357479,GCA_022313715.1,,portal,,S,S,,
SAMN04357480,GCA_022313695.1,,portal,,S,S,,
SAMN04357484,GCA_022313655.1,,portal,,S,S,,
SAMN04357485,GCA_022313675.1,,portal,,S,R,,
SAMN04357486,GCA_022313635.1,,portal,,S,S,,
SAMN04357490,GCA_022313595.1,,portal,,S,S,,
SAMN04357492,GCA_022313555.1,,portal,,S,S,,
SAMN04357493,GCA_022315465.1,,portal,,S,S,,
SAMN04357494,GCA_022314175.1,,portal,,R,R,,
SAMN04357495,GCA_022313875.1,,portal,,R,S,,
SAMN04393399,GCA_022316425.1,2015,ncbi,,S,S,S,
SAMN04448224,GCA_021773985.1,2011-05-03,ncbi,R,R,R,R,
SAMN04448229,GCA_001709275.1,2013-03-14,portal+ncbi,R,R,R,R,
SAMN04448241,GCA_001709295.1,2014-03-08,portal+ncbi,R,S,R,R,
SAMN05213494,GCA_001720865.1,2013,portal+ncbi,R,R,R,R,R
SAMN05213495,GCA_001720845.1,2013,portal+ncbi,R,R,R,R,R
SAMN05213496,GCA_001720905.1,2013,portal+ncbi,R,R,R,S,R
SAMN05213498,GCA_001720805.1,2013,portal+ncbi,R,R,R,R,R
SAMN05213499,GCA_001720705.1,2013,portal+ncbi,R,R,R,R,R
SAMN05213500,GCA_001720755.1,2013,portal+ncbi,R,R,R,R,R
SAMN05213501,GCA_001720765.1,2013,portal+ncbi,R,,R,S,R
SAMN05213502,GCA_001720815.1,2013,portal+ncbi,S,R,R,S,
SAMN05213503,GCA_001720745.1,2013,portal+ncbi,S,R,R,S,
SAMN06350007,GCA_013180525.1,2010-06-24,portal+ncbi,S,R,R,,
SAMN06350008,GCA_013180515.1,2010-06-29,portal+ncbi,R,R,R,,
SAMN06350009,GCA_013180445.1,2011-07-27,portal+ncbi,R,S,R,,
SAMN06350010,GCA_013180465.1,2011-08-14,portal+ncbi,R,S,R,,
SAMN06350011,GCA_013180435.1,,portal,R,R,R,,
SAMN06350012,GCA_013180385.1,2005-01-14,portal+ncbi,S,R,R,,
SAMN06437086,GCA_022065345.1,,portal,S,,,,
SAMN06437087,GCA_046200385.1,,portal,S,,,,
SAMN06437090,GCA_022065405.1,,portal,S,,,,
SAMN06437092,GCA_022065425.1,,portal,S,,,,
SAMN06437094,GCA_022065445.1,,portal,S,,,,
SAMN06437096,GCA_022065465.1,,portal,R,,,,
SAMN06437097,GCA_022065525.1,,portal,S,,,,
SAMN06437098,GCA_022065545.1,,portal,S,,,,
SAMN06437101,GCA_022065585.1,,portal,S,,,,
SAMN06437102,GCA_022065865.1,,portal,R,,,,
SAMN06437103,GCA_022065605.1,,portal,S,,,,
SAMN06437105,GCA_022065645.1,,portal,R,,,,
SAMN06437106,GCA_022065665.1,,portal,R,,,,
SAMN06437107,GCA_022065685.1,,portal,S,,,,
SAMN06437108,GCA_022065705.1,,portal,S,,,,
SAMN06437109,GCA_046200425.1,,portal,S,,,,
SAMN06437113,GCA_022065745.1,,portal,R,,,,
SAMN06437114,GCA_022065765.1,,portal,S,,,,
SAMN06437115,GCA_022065785.1,,portal,R,,,,
SAMN06437118,GCA_022065845.1,,portal,S,,,,
SAMN06437120,GCA_022065905.1,,portal,R,,,,
SAMN06437122,GCA_022065945.1,,portal,R,,,,
SAMN06437123,GCA_022065985.1,,portal,S,,,,
SAMN06437126,GCA_022066025.1,,portal,R,,,,
SAMN06437127,GCA_022066005.1,,portal,S,,,,
SAMN06437128,GCA_022066045.1,,portal,S,,,,
SAMN06437129,GCA_022066085.1,,portal,S,,,,
SAMN06437130,GCA_022066065.1,,portal,S,,,,
SAMN06437131,GCA_022066105.1,,portal,S,,,,
SAMN06437132,GCA_022066125.1,,portal,R,,,,
SAMN06437134,GCA_046200405.1,,portal,S,,,,
SAMN06437136,GCA_022066165.1,,portal,S,,,,
SAMN06437138,GCA_022066185.1,,portal,R,,,,
SAMN06437140,GCA_022066205.1,,portal,R,,,,
SAMN06437141,GCA_022066285.1,,portal,R,,,,
SAMN06437142,GCA_022066245.1,,portal,S,,,,
SAMN06437144,GCA_022066265.1,,portal,S,,,,
SAMN06437145,GCA_022066325.1,,portal,S,,,,
SAMN06437160,GCA_022074165.1,,portal,S,,,,
SAMN06437203,GCA_022074945.1,,portal,R,,,,
SAMN06437209,GCA_022075065.1,,portal,S,,,,
SAMN06437284,GCA_022076605.1,,portal,S,,,,
SAMN06438374,GCA_046200465.1,,portal,R,,,,
SAMN07602587,GCA_003194285.1,2012-01-20,portal+ncbi,S,S,R,R,
SAMN10086659,GCA_014840705.1,1998,portal+ncbi,S,R,S,S,S
SAMN10086660,GCA_014842805.1,,portal,S,S,S,S,S
SAMN10086661,GCA_014840735.1,1998,portal+ncbi,S,S,S,S,S
SAMN10086689,GCA_014840575.1,2015,portal+ncbi,R,R,R,S,R
SAMN10086696,GCA_014840555.1,2016,portal+ncbi,R,R,R,R,R
SAMN10086697,GCA_014842775.1,,portal,S,S,S,S,S
SAMN10086698,GCA_014840645.1,2016,portal+ncbi,R,R,R,R,R
SAMN10086700,GCA_014946935.1,2016,portal+ncbi,R,R,R,R,R
SAMN10086701,GCA_014840595.1,2016,portal+ncbi,,R,R,R,
SAMN10086702,GCA_014840605.1,2015,portal+ncbi,R,R,R,R,R
SAMN10086703,GCA_014840635.1,2015,portal+ncbi,R,R,R,R,R
SAMN10086704,GCA_014946955.1,,portal,R,R,R,S,R
SAMN10086705,GCA_014842715.1,,portal,R,R,R,S,R
SAMN10086734,GCA_014840475.1,2016,portal+ncbi,R,R,R,R,R
SAMN10086737,GCA_014946945.1,2015,portal+ncbi,R,S,S,R,R
SAMN10086740,GCA_014840415.1,2015,portal+ncbi,R,R,R,R,R
SAMN10086741,GCA_014840435.1,2015,portal+ncbi,R,R,R,R,R
SAMN10086743,GCA_014840405.1,2015,portal+ncbi,S,R,R,R,S
SAMN10086745,GCA_014840495.1,2015,portal+ncbi,R,S,R,R,R
SAMN10086746,GCA_014840505.1,2015,portal+ncbi,R,S,R,R,R
SAMN10086747,GCA_014840535.1,2015,portal+ncbi,R,R,R,R,R
SAMN10086795,GCA_014840775.1,2004,portal+ncbi,S,S,S,S,S
SAMN10086807,GCA_014947005.1,2004,portal+ncbi,S,R,R,R,R
SAMN10086809,GCA_014840305.1,2016,portal+ncbi,R,R,R,R,R
SAMN10086811,GCA_014840295.1,2016,portal+ncbi,R,R,S,R,R
SAMN10086816,GCA_014840245.1,2016,portal+ncbi,R,R,R,R,R
SAMN10086822,GCA_014840695.1,1998,portal+ncbi,S,S,S,S,S
SAMN10086824,GCA_014840795.1,2004,portal+ncbi,S,S,S,R,S
SAMN10086825,GCA_014840345.1,2016,portal+ncbi,R,R,R,R,R
SAMN10086826,GCA_014840325.1,2016,portal+ncbi,R,R,S,R,R
SAMN10086827,GCA_014946925.1,2016,portal+ncbi,S,S,S,R,S
SAMN10086828,GCA_014840315.1,2016,portal+ncbi,R,R,R,R,R
SAMN10086829,GCA_014840655.1,1998,portal+ncbi,S,S,S,S,S
SAMN10086830,GCA_014840395.1,2016,portal+ncbi,R,S,R,S,R
SAMN11270017,GCA_011682905.1,2017-07-21,portal+ncbi,S,S,S,,S
SAMN11270018,GCA_011682885.1,2017-07-18,portal+ncbi,S,R,,,S
SAMN11270019,GCA_011682835.2,,portal,S,R,,,S
SAMN11270020,GCA_011682845.1,2017-07-21,portal+ncbi,S,R,,,S
SAMN11270021,GCA_011682855.1,2017-07-21,portal+ncbi,S,R,,,S
SAMN11270022,GCA_011682815.1,2017-07-21,portal+ncbi,S,S,S,,S
SAMN11270023,GCA_011682735.1,2017-07-31,portal+ncbi,S,S,,,S
SAMN11270024,GCA_011682755.1,2017-07-26,portal+ncbi,S,R,,,S
SAMN11270025,GCA_013867375.1,2017-09-22,portal+ncbi,S,R,S,,S
SAMN11270026,GCA_013450475.1,2017-09-22,portal+ncbi,S,S,R,,S
SAMN11270027,GCA_013450455.1,2017-09-22,portal+ncbi,S,S,S,,S
SAMN11270028,GCA_013450405.1,2017-09-22,portal+ncbi,S,R,S,,S
SAMN11270029,GCA_013450425.1,,portal,S,S,S,,S
SAMN11270030,GCA_013450385.1,2017-08-11,portal+ncbi,S,R,S,,S
SAMN11270031,GCA_013450375.1,2017-08-25,portal+ncbi,S,S,S,,S
SAMN11270032,GCA_013450305.1,2017-08-11,portal+ncbi,S,S,S,,S
SAMN11270033,GCA_013450355.1,2017-08-11,portal+ncbi,S,S,S,,S
SAMN11270034,GCA_013450285.1,2017-08-11,portal+ncbi,S,S,S,,S
SAMN11270035,GCA_014826045.1,2017-08-11,portal+ncbi,S,S,S,,S
SAMN12349649,GCA_007955285.1,2017-02-27,portal+ncbi,S,S,,,
SAMN12349650,GCA_007955185.1,2017-05-27,portal+ncbi,,,S,,
SAMN12349651,GCA_007955275.1,2017-02-27,portal+ncbi,S,S,S,,
SAMN12349652,GCA_007955345.1,2017-02-28,portal+ncbi,S,,S,,
SAMN12349653,GCA_007955215.1,2017-02-28,portal+ncbi,S,R,R,,
SAMN12349654,GCA_007955245.1,2017-03-02,portal+ncbi,S,R,,,
SAMN12349655,GCA_007955175.1,2017-04-18,portal+ncbi,S,S,S,,
SAMN12349656,GCA_007955145.1,2017-05-26,portal+ncbi,S,S,S,,
SAMN12349657,GCA_007955265.1,2017-06-09,portal+ncbi,S,S,S,,
SAMN12349658,GCA_007955295.1,2017-07-09,portal+ncbi,R,S,S,,
SAMN12738923,GCA_008704215.1,2018,portal+ncbi,R,,,,
SAMN12738924,GCA_008704185.1,2018,portal+ncbi,R,,,,
SAMN12738926,GCA_008704155.1,2018,portal+ncbi,R,,,,
SAMN12738927,GCA_008704045.1,2018,portal+ncbi,R,,,,
SAMN12738928,GCA_008704055.1,2018,portal+ncbi,R,,,,
SAMN13176241,GCA_046202665.1,2017-09-12,portal+ncbi,S,S,S,,S
SAMN13176255,GCA_022182645.1,2017-10-14,portal+ncbi,S,S,S,,S
SAMN18874682,GCA_019930505.1,2010-03-14,portal+ncbi,S,S,S,S,S
SAMN18874683,GCA_019930485.1,2011-07-12,portal+ncbi,S,S,S,S,S
SAMN18874684,GCA_019930445.1,2011-09-07,portal+ncbi,S,S,S,S,S
SAMN18874685,GCA_019930465.1,2011-06-13,portal+ncbi,S,R,R,R,
SAMN18874686,GCA_019930425.1,2011-11-16,portal+ncbi,S,R,,R,S
SAMN18874687,GCA_019930405.1,missing,portal+ncbi,S,,R,R,R
SAMN18874688,GCA_019930385.1,missing,portal+ncbi,S,R,R,R,
SAMN18874689,GCA_019930355.1,2011-06-03,portal+ncbi,S,S,,R,S
SAMN18874690,GCA_019930345.1,2011-12-18,portal+ncbi,S,R,R,R,S
SAMN18874691,GCA_019930325.1,2003-04-27,portal+ncbi,S,R,S,R,R
SAMN18874692,GCA_019930305.1,2011-05-27,portal+ncbi,S,S,S,S,S
SAMN18874693,GCA_019930285.1,2011-10-09,portal+ncbi,R,R,R,R,R
SAMN18874694,GCA_019930265.1,2011-07-26,portal+ncbi,R,R,R,R,S
SAMN18874695,GCA_020407045.1,2011-05-28,portal+ncbi,S,S,S,S,
SAMN18874696,GCA_019930245.1,2013-01-23,portal+ncbi,S,S,S,R,S
SAMN18874697,GCA_020407035.1,2013-01-20,portal+ncbi,R,S,R,S,R
SAMN18874698,GCA_019930225.1,2013-03-02,portal+ncbi,S,S,S,S,
SAMN18874699,GCA_019930165.1,2012-07-21,portal+ncbi,S,R,S,R,S
SAMN18874700,GCA_019930185.1,2013-03-28,portal+ncbi,S,S,S,R,S
SAMN18874701,GCA_019930175.1,2013-04-04,portal+ncbi,S,S,S,R,S
SAMN18874702,GCA_019930145.1,2013-03-22,portal+ncbi,S,S,S,S,S
SAMN18874703,GCA_019930125.1,2013-09-28,portal+ncbi,S,S,S,S,S
SAMN18874704,GCA_019930085.1,2013-09-20,portal+ncbi,S,S,S,R,S
SAMN18874705,GCA_019930055.1,2013-12-19,portal+ncbi,S,R,,S,S
SAMN18874706,GCA_019928685.1,2014-02-12,portal+ncbi,S,S,S,S,S
SAMN18874707,GCA_019928705.3,2014-02-28,portal+ncbi,S,S,R,R,S
SAMN18874708,GCA_019928665.1,2013-06-18,portal+ncbi,S,R,,R,S
SAMN18874709,GCA_019928625.2,2012-09-20,portal+ncbi,S,R,R,R,S
SAMN18874710,GCA_019928635.1,2014-08-12,portal+ncbi,S,S,S,S,S
SAMN18874711,GCA_019928595.1,2014-08-25,portal+ncbi,S,S,S,R,S
SAMN18874712,GCA_019928585.1,2014-08-19,portal+ncbi,S,S,S,R,S
SAMN18874713,GCA_019928565.1,2014-09-21,portal+ncbi,S,S,S,S,S
SAMN18874714,GCA_019928545.1,2014-11-17,portal+ncbi,S,S,S,S,S
SAMN18874715,GCA_019928505.1,2015-01-30,portal+ncbi,S,R,R,R,R
SAMN18874716,GCA_019928525.1,2014-12-31,portal+ncbi,S,R,R,R,S
SAMN18874717,GCA_020407065.1,2008-07-30,portal+ncbi,S,S,R,R,S
SAMN18874718,GCA_019928465.1,2015-02-04,portal+ncbi,S,R,R,S,S
SAMN18874719,GCA_019928485.1,2014-10-16,portal+ncbi,S,S,S,S,S
SAMN18874720,GCA_019928445.1,2014-12-09,portal+ncbi,S,S,S,S,S
SAMN18874721,GCA_019928385.1,2014-12-09,portal+ncbi,S,S,S,S,S
SAMN18874722,GCA_019928395.1,2016-01-27,portal+ncbi,R,R,R,R,R
SAMN18874723,GCA_019928405.1,2015-07-12,portal+ncbi,R,R,R,R,R
SAMN18874724,GCA_020407015.1,2015-11-16,portal+ncbi,R,R,R,R,R
SAMN18874725,GCA_019928365.1,2015-09-29,portal+ncbi,R,R,R,R,R
SAMN18874726,GCA_019928345.1,2003-10-25,portal+ncbi,S,R,S,R,S
SAMN18874727,GCA_019928285.1,2016-01-29,portal+ncbi,S,S,S,R,S
SAMN18874728,GCA_019928325.1,,portal,R,R,R,R,R
SAMN18874729,GCA_019928305.1,2016-02-12,portal+ncbi,S,S,S,S,S
SAMN18874730,GCA_019928265.1,2016-06-02,portal+ncbi,S,S,R,R,S
SAMN18874731,GCA_019928245.1,2016-07-26,portal+ncbi,S,R,,R,S
SAMN18874732,GCA_019928205.1,2016-08-18,portal+ncbi,S,R,R,R,R
SAMN18874733,GCA_019928215.1,2013-04-28,portal+ncbi,R,,R,R,R
SAMN18874734,GCA_019928185.1,2013-09-30,portal+ncbi,R,R,R,R,R
SAMN18874735,GCA_019928165.1,2017-01-10,portal+ncbi,S,S,S,S,S
SAMN18874736,GCA_019928145.1,2017-04-11,portal+ncbi,S,R,S,R,S
SAMN18874737,GCA_019928105.1,2017-04-15,portal+ncbi,R,S,R,R,R
SAMN18874738,GCA_019928115.1,2017-08-27,portal+ncbi,S,S,S,R,S
SAMN18874739,GCA_019928075.1,2014-02-24,portal+ncbi,R,R,,R,R
SAMN18874740,GCA_019928065.1,2014-02-24,portal+ncbi,S,S,S,S,S
SAMN18874741,GCA_019928045.1,2016-05-04,portal+ncbi,R,S,R,S,R
SAMN18874742,GCA_019928025.1,2014-12-15,portal+ncbi,S,R,R,R,S
SAMN18874743,GCA_019927985.1,2016-05-04,portal+ncbi,S,R,S,R,S
SAMN18874744,GCA_019928005.1,2016-05-04,portal+ncbi,R,,R,R,R
SAMN18874745,GCA_019927965.1,2016-05-04,portal+ncbi,S,S,S,R,S
SAMN18874746,GCA_019927945.1,2017-11-12,portal+ncbi,R,R,R,R,
SAMN18874747,GCA_019927925.1,2017-12-10,portal+ncbi,S,S,S,R,S
SAMN18874748,GCA_019927885.1,2018-01-26,portal+ncbi,S,R,,R,S
SAMN18874749,GCA_019927905.1,2018-03-30,portal+ncbi,R,R,R,R,
SAMN18874750,GCA_019927845.1,2018-04-02,portal+ncbi,S,S,S,S,S
SAMN18874751,GCA_019927825.1,2018-02-28,portal+ncbi,S,S,S,R,S
SAMN18874752,GCA_019927855.1,2018-04-26,portal+ncbi,S,S,S,S,R
SAMN18874753,GCA_019927805.1,2018-01-19,portal+ncbi,,S,R,R,R
SAMN18874754,GCA_019927785.1,2017-10-10,portal+ncbi,S,S,S,R,S
SAMN18874755,GCA_019927765.1,2018-06-11,portal+ncbi,S,S,S,R,S
SAMN18874756,GCA_019927745.1,2018-06-27,portal+ncbi,S,R,,R,S
SAMN18874757,GCA_019927725.1,2018-07-24,portal+ncbi,S,S,S,S,R
SAMN18874758,GCA_019927705.1,2018-08-14,portal+ncbi,S,R,,R,S
SAMN18874759,GCA_019927645.1,,portal,S,R,R,S,
SAMN18874760,GCA_019927625.1,2018-04-12,portal+ncbi,R,R,R,R,R
SAMN18874761,GCA_019927655.1,2018-09-26,portal+ncbi,S,S,S,S,S
SAMN18874762,GCA_019927685.1,2017-09-25,portal+ncbi,R,R,R,R,R
SAMN18874763,GCA_019927585.1,2018-04-23,portal+ncbi,R,S,S,R,R
SAMN18874764,GCA_019927605.1,2019-07-01,portal+ncbi,S,S,S,S,S
SAMN18874765,GCA_019927565.1,2019-08-26,portal+ncbi,S,S,S,S,S
SAMN18874766,GCA_019927535.1,2019-09-04,portal+ncbi,S,S,,R,S
SAMN18874767,GCA_019927525.1,2015-10-18,portal+ncbi,R,R,R,R,R
SAMN18874768,GCA_019927505.1,2019-10-11,portal+ncbi,S,S,S,S,S
SAMN18874769,GCA_019927485.1,2019-10-29,portal+ncbi,S,S,S,S,S
SAMN18874770,GCA_019927405.1,2019-03-26,portal+ncbi,S,S,S,R,S
SAMN18874771,GCA_019927425.1,2019-02-12,portal+ncbi,S,S,S,S,S
SAMN18874772,GCA_019927465.1,2018-05-25,portal+ncbi,S,R,S,R,S
SAMN18874773,GCA_019927435.1,2019-12-21,portal+ncbi,S,S,S,S,S
SAMN18874774,GCA_019927385.1,2019-10-08,portal+ncbi,S,R,,S,S
SAMN18874775,GCA_019927325.1,2019-12-03,portal+ncbi,S,S,S,S,S
SAMN18874776,GCA_019927345.1,2019-12-12,portal+ncbi,R,S,R,S,R
SAMN18874777,GCA_019927305.1,2019-11-21,portal+ncbi,S,S,S,S,S
SAMN18874778,GCA_019927315.1,2020-01-07,portal+ncbi,S,S,S,S,S
SAMN18874779,GCA_019927285.1,2020-01-15,portal+ncbi,S,S,S,S,S
SAMN18874780,GCA_020406995.1,2019-12-03,portal+ncbi,R,S,R,R,R
SAMN18874781,GCA_019927265.1,2020-03-20,portal+ncbi,R,S,R,R,R
SAMN18920621,GCA_018314145.1,2021-01-06,portal+ncbi,R,S,R,R,
SAMN20982458,GCA_019915305.1,2021-03-16,portal+ncbi,S,S,,,
SAMN20982459,GCA_019915345.1,2021-03-16,portal+ncbi,S,S,,,
SAMN20982460,GCA_019915325.1,2021-03-26,portal+ncbi,S,S,,,
SAMN22169093,GCA_020552755.1,2021-01-22,portal+ncbi,S,,,,
SAMN22169094,GCA_020552715.1,2021-01-26,portal+ncbi,R,,,,
SAMN26232717,GCA_025782805.1,,portal,,,,,S
SAMN29928033,GCA_024580225.1,2019-01-27,portal+ncbi,S,,R,R,R
SAMN29928034,GCA_024580135.1,2019-07-11,portal+ncbi,R,R,R,R,R
SAMN29928035,GCA_024580215.1,2019-11-07,portal+ncbi,R,R,R,R,R
SAMN29928036,GCA_024580235.1,,portal,R,R,R,R,R
SAMN29928037,GCA_024580195.1,2019-09-26,portal+ncbi,R,S,R,R,R
SAMN29928043,GCA_037287365.1,2020,portal+ncbi,S,S,S,R,S
SAMN30333623,GCA_024734755.1,2022-04,portal+ncbi,S,S,,,
SAMN30466961,GCA_025200575.1,2013-10-04,portal+ncbi,,S,S,R,S
SAMN30806197,GCA_030128905.1,2020-01,portal+ncbi,R,S,R,R,
SAMN30806198,GCA_030128995.1,2020-01,portal+ncbi,R,S,R,R,R
SAMN30806199,GCA_030128965.1,2020-04,portal+ncbi,S,S,R,R,S
SAMN30886168,GCA_025367575.1,2021-08-31,portal+ncbi,R,R,R,,
SAMN30886169,GCA_025367465.1,2021-09-29,portal+ncbi,R,R,R,,
SAMN30926478,GCA_026413095.1,2019,portal+ncbi,R,S,S,,
SAMN31774407,GCA_027144125.3,2022,portal+ncbi,R,S,R,S,R
SAMN33014190,GCA_028593925.1,,portal,R,S,R,,
SAMN33014191,GCA_028593815.1,,portal,R,S,R,,
SAMN33014192,GCA_028593845.1,,portal,R,R,R,,
SAMN33014193,GCA_028595105.1,,portal,R,S,R,,
SAMN33014194,GCA_028593905.1,,portal,R,S,R,,
SAMN34111336,GCA_029621445.1,2020,portal+ncbi,R,,,R,R
SAMN34111340,GCA_031039775.1,2020,portal+ncbi,R,,,R,R
SAMN34111349,GCA_031034115.1,2022,portal+ncbi,R,,,R,R
SAMN34535840,GCA_030026945.2,2017-07-09,portal+ncbi,R,R,R,,
SAMN35159565,GCA_031044475.2,2023,portal+ncbi,S,R,R,R,R
SAMN35159566,GCA_031044415.2,2023,portal+ncbi,S,R,R,R,S
SAMN35159567,GCA_031045515.2,2023,portal+ncbi,S,R,R,R,S
SAMN35159568,GCA_031045695.2,2023,portal+ncbi,S,R,R,R,S
SAMN35159570,GCA_031045035.2,2023,portal+ncbi,R,R,R,R,R
SAMN35159571,GCA_031045355.2,2023,portal+ncbi,S,S,R,S,S
SAMN35159577,GCA_031044815.2,2023,portal+ncbi,S,R,,R,S
SAMN35159578,GCA_031044795.1,2023,portal+ncbi,S,R,R,R,S
SAMN35159580,GCA_031044935.2,2023,portal+ncbi,S,R,,R,S
SAMN35159581,GCA_031044835.2,2023,portal+ncbi,R,R,R,R,R
SAMN35159582,GCA_031044895.2,2023,portal+ncbi,S,R,R,R,R
SAMN35159584,GCA_031044875.2,2023,portal+ncbi,S,R,R,R,S
SAMN35159586,GCA_031045575.2,2023,portal+ncbi,S,R,R,R,S
SAMN35159587,GCA_031045655.2,2023,portal+ncbi,S,R,R,R,S
SAMN35159588,GCA_031045535.1,2023,portal+ncbi,S,S,R,R,S
SAMN35159589,GCA_031045555.2,2023,portal+ncbi,S,S,S,S,R
SAMN35159590,GCA_031045595.2,2023,portal+ncbi,S,S,R,R,S
SAMN35159591,GCA_031045615.1,2023,portal+ncbi,S,S,R,R,S
SAMN35159592,GCA_031045635.2,2022,portal+ncbi,S,S,,S,S
SAMN35159593,GCA_031045715.2,2022,portal+ncbi,R,R,S,R,R
SAMN35159594,GCA_031045675.2,2022,portal+ncbi,S,R,S,R,S
SAMN35159595,GCA_031045735.2,2022,portal+ncbi,S,S,,R,S
SAMN35159596,GCA_031045755.2,2022,portal+ncbi,S,R,R,R,S
SAMN35159599,GCA_031045815.2,2022,portal+ncbi,S,R,S,S,S
SAMN35159600,GCA_031045835.2,2022,portal+ncbi,S,S,R,R,R
SAMN35159601,GCA_031045855.2,2022,portal+ncbi,R,R,,R,R
SAMN35159602,GCA_031045875.2,2022,portal+ncbi,R,R,R,R,R
SAMN35159603,GCA_031045895.2,2022,portal+ncbi,S,S,S,R,R
SAMN35159604,GCA_031045905.2,2022,portal+ncbi,,S,R,R,R
SAMN35159605,GCA_031045935.2,2022,portal+ncbi,,S,R,R,R
SAMN35159606,GCA_031045975.2,2022,portal+ncbi,,S,R,R,R
SAMN35159607,GCA_031046015.2,2022,portal+ncbi,S,S,S,R,S
SAMN35159609,GCA_031045995.2,2022,portal+ncbi,S,R,R,R,S
SAMN35159610,GCA_031044915.2,2021,portal+ncbi,,S,R,R,R
SAMN35159612,GCA_031044995.2,2022,portal+ncbi,R,S,R,S,R
SAMN35159613,GCA_031045015.2,2021,portal+ncbi,R,S,R,R,R
SAMN35159614,GCA_031044975.2,2022,portal+ncbi,S,R,R,R,R
SAMN35159615,GCA_031045065.2,2021,portal+ncbi,R,S,R,R,R
SAMN35159617,GCA_031045075.2,2022,portal+ncbi,S,S,R,R,S
SAMN35159619,GCA_031045135.2,2022,portal+ncbi,S,S,R,R,S
SAMN35159620,GCA_031045155.2,2022,portal+ncbi,S,R,R,R,S
SAMN35159621,GCA_031045235.2,2021,portal+ncbi,S,S,S,S,S
SAMN35159622,GCA_031045255.2,2022,portal+ncbi,S,R,R,R,S
SAMN35159623,GCA_031045295.2,2022,portal+ncbi,S,S,R,S,S
SAMN35159624,GCA_031045275.2,2022,portal+ncbi,S,R,R,R,S
SAMN35159627,GCA_031045325.2,2022,portal+ncbi,S,S,S,S,R
SAMN35159630,GCA_031045375.2,2022,portal+ncbi,S,S,R,R,S
SAMN35159631,GCA_031045435.2,2022,portal+ncbi,S,S,R,R,S
SAMN35159632,GCA_031045455.2,2022,portal+ncbi,S,R,R,R,S
SAMN35159633,GCA_031045415.2,2022,portal+ncbi,S,S,R,R,S
SAMN35159634,GCA_031045475.2,2022,portal+ncbi,S,,R,S,R
SAMN35159635,GCA_031046095.1,2022,portal+ncbi,S,S,R,S,S
SAMN35159636,GCA_031046135.2,2022,portal+ncbi,S,R,R,R,S
SAMN35159637,GCA_031046115.1,2022,portal+ncbi,S,R,R,R,R
SAMN35159638,GCA_031046155.2,2022,portal+ncbi,R,S,R,R,R
SAMN35159639,GCA_031046175.2,2022,portal+ncbi,R,S,R,R,R
SAMN35159640,GCA_031046195.2,2022,portal+ncbi,S,R,R,R,S
SAMN35159641,GCA_031046235.2,2022,portal+ncbi,,S,,S,R
SAMN35159642,GCA_031046215.2,2022,portal+ncbi,S,R,R,R,S
SAMN35159643,GCA_031046335.2,2022,portal+ncbi,S,R,R,R,S
SAMN35159644,GCA_031046255.2,2022,portal+ncbi,S,R,R,R,S
SAMN35159647,GCA_031046355.2,2022,portal+ncbi,S,R,S,R,S
SAMN35159648,GCA_031046395.2,2022,portal+ncbi,S,R,R,R,S
SAMN35159649,GCA_031046375.2,2022,portal+ncbi,S,R,R,R,S
SAMN35159650,GCA_031046435.2,2022,portal+ncbi,S,S,S,S,S
SAMN35159651,GCA_031046415.2,2022,portal+ncbi,S,R,R,R,S
SAMN35159652,GCA_031046455.2,2022,portal+ncbi,S,S,S,S,S
SAMN35159653,GCA_031046475.2,2022,portal+ncbi,S,S,R,R,S
SAMN35159654,GCA_031046495.2,2022,portal+ncbi,S,S,S,R,S
SAMN35159657,GCA_031046515.2,2022,portal+ncbi,R,S,S,S,R
SAMN35159658,GCA_031046555.2,2022,portal+ncbi,S,S,S,S,R
SAMN35159660,GCA_031046615.1,2022,portal+ncbi,S,S,R,S,S
SAMN35159661,GCA_031046035.2,2022,portal+ncbi,S,R,R,R,S
SAMN35159662,GCA_031046055.2,2022,portal+ncbi,S,R,R,R,S
SAMN35159665,GCA_031044435.2,2022,portal+ncbi,R,S,S,S,R
SAMN35159666,GCA_031044495.1,2022,portal+ncbi,S,R,R,R,S
SAMN35159670,GCA_031044515.2,2022,portal+ncbi,S,S,R,R,S
SAMN35159672,GCA_031044555.2,2022,portal+ncbi,S,R,R,R,S
SAMN35159674,GCA_031044695.2,2022,portal+ncbi,S,R,R,R,S
SAMN35159676,GCA_031044635.2,2022,portal+ncbi,S,S,R,S,S
SAMN35159677,GCA_031044655.2,2022,portal+ncbi,S,S,S,S,R
SAMN35159678,GCA_031044675.2,2023,portal+ncbi,S,S,,R,S
SAMN35159679,GCA_031044715.2,2023,portal+ncbi,S,R,R,R,
SAMN35159680,GCA_031044755.2,2023,portal+ncbi,S,S,R,S,S
SAMN35159681,GCA_031044735.2,2023,portal+ncbi,S,S,R,R,S
SAMN35159682,GCA_031044775.2,2022,portal+ncbi,S,S,R,S,S
SAMN35219273,GCA_031046755.2,2022,portal+ncbi,S,S,S,S,
SAMN35219275,GCA_031046775.2,2022,portal+ncbi,S,S,S,S,
SAMN35219276,GCA_031046835.2,2021,portal+ncbi,R,S,,S,R
SAMN35219277,GCA_031046795.2,2022,portal+ncbi,S,S,R,S,R
SAMN36726405,GCA_031013835.2,2023,portal+ncbi,S,S,R,R,S
SAMN36727284,GCA_031013785.2,2023,portal+ncbi,S,S,,S,
SAMN36727322,GCA_031013865.2,2023,portal+ncbi,S,S,R,R,S
SAMN36727327,GCA_031013825.2,2023,portal+ncbi,,S,R,R,R
SAMN36727339,GCA_031013805.2,2023,portal+ncbi,S,S,R,S,S
SAMN36728899,GCA_031013665.2,2023,portal+ncbi,S,S,,R,S
SAMN36729175,GCA_033200535.2,2023,portal+ncbi,S,S,S,R,S
SAMN36729193,GCA_031013725.2,2023,portal+ncbi,S,S,R,S,S
SAMN36892861,GCA_031010005.2,2023,portal+ncbi,S,S,R,S,R
SAMN36892884,GCA_031010045.2,2023,portal+ncbi,S,S,S,S,R
SAMN36892889,GCA_031010025.2,2023,portal+ncbi,S,R,R,R,S
SAMN37300943,GCA_032463405.1,2021-05-03,portal+ncbi,S,S,S,R,S
SAMN37516882,GCA_032124915.2,2023,portal+ncbi,S,S,R,R,S
SAMN37516883,GCA_032120235.2,2023,portal+ncbi,S,S,R,R,S
SAMN37516885,GCA_032120255.2,2023,portal+ncbi,S,S,S,S,S
SAMN37516894,GCA_032120635.2,2023,portal+ncbi,S,S,S,S,R
SAMN37516898,GCA_032121155.2,2023,portal+ncbi,S,R,S,R,S
SAMN37516907,GCA_032121395.2,2023,portal+ncbi,S,S,R,R,S
SAMN37516910,GCA_032121595.2,2023,portal+ncbi,S,R,S,R,S
SAMN37516928,GCA_032182165.2,2023,portal+ncbi,S,S,R,S,S
SAMN37516935,GCA_032122875.2,2023,portal+ncbi,S,S,R,R,S
SAMN37516937,GCA_032122855.2,2023,portal+ncbi,S,R,S,R,S
SAMN38228811,GCA_034499015.1,2023,portal+ncbi,S,R,R,S,
SAMN38228812,GCA_034515785.1,2023,portal+ncbi,S,R,R,R,R
SAMN38228821,GCA_034515585.1,2023,portal+ncbi,S,R,R,R,S
SAMN38228823,GCA_033726495.1,2023,portal+ncbi,S,R,R,R,S
SAMN38228838,GCA_034515705.1,2023,portal+ncbi,S,R,R,R,R
SAMN38228839,GCA_034498895.1,2023,portal+ncbi,S,S,,R,S
SAMN38228847,GCA_034498995.1,2023,portal+ncbi,S,R,S,R,S
SAMN38228851,GCA_033726815.1,2023,portal+ncbi,R,R,R,R,S
SAMN38228868,GCA_033726915.1,2023,portal+ncbi,S,R,R,R,S
SAMN39956415,GCA_036668515.1,2024,portal+ncbi,S,S,S,S,S
SAMN39956422,GCA_036669215.1,2024,portal+ncbi,R,S,R,R,R
SAMN40563625,GCA_037725565.2,2022,portal+ncbi,R,R,,,
SAMN40930634,GCA_038080395.1,2024,portal+ncbi,,R,R,R,S
SAMN40930635,GCA_038080535.1,2024,portal+ncbi,,R,R,R,S
SAMN40930636,GCA_038083435.1,2024,portal+ncbi,R,S,S,S,R
SAMN40930641,GCA_038080075.1,2024,portal+ncbi,S,S,S,S,S
SAMN40930668,GCA_038081555.1,2024,portal+ncbi,S,R,R,R,S
SAMN40930671,GCA_038080515.1,2024,portal+ncbi,S,S,R,S,R
SAMN41091862,GCA_038513665.1,2024,portal+ncbi,S,S,R,R,S
SAMN41091868,GCA_038512135.1,2024,portal+ncbi,R,R,R,R,R
SAMN41136744,GCA_049383325.1,2022-09-23,portal+ncbi,R,S,R,,
SAMN41136745,GCA_049383925.1,2022-09-23,portal+ncbi,R,S,R,,
SAMN41136746,GCA_049383985.1,2022-09-23,portal+ncbi,R,R,R,,
SAMN41136747,GCA_049383965.1,2022-09-23,portal+ncbi,R,S,R,,
SAMN41136748,GCA_049383205.1,2022-09-23,portal+ncbi,R,S,R,,
SAMN41136750,GCA_049383285.1,2022-09-23,portal+ncbi,S,R,S,,
SAMN41136751,GCA_049383265.1,2023-01-31,portal+ncbi,R,R,R,,
SAMN41136752,GCA_049538255.1,2023-01-31,portal+ncbi,R,R,R,,
SAMN41136755,GCA_049383945.1,2023-01-31,portal+ncbi,S,S,S,,
SAMN41136756,GCA_049383845.1,2023-01-31,portal+ncbi,S,S,S,,
SAMN41136762,GCA_049383885.1,2023-06-19,portal+ncbi,S,S,S,,
SAMN41136771,GCA_049381505.1,2023-08-31,portal+ncbi,,S,S,,
SAMN41136772,GCA_049538215.1,2023-01-19,portal+ncbi,R,R,R,,
SAMN41136774,GCA_049538195.1,2023-05-28,portal+ncbi,R,S,R,,
SAMN41136776,GCA_049383445.1,2023-08-09,portal+ncbi,R,R,R,,
SAMN41558476,GCA_045490015.1,2022-12-08,portal+ncbi,S,S,,R,R
SAMN41558488,GCA_045489995.1,2023-05-16,portal+ncbi,S,S,,R,R
SAMN41558497,GCA_045490105.1,2023-03-20,portal+ncbi,S,R,R,R,S
SAMN41558499,GCA_045490115.1,2023-03-20,portal+ncbi,S,S,,S,R
SAMN41558500,GCA_045490155.1,2023-03-20,portal+ncbi,S,S,S,S,R
SAMN41558502,GCA_045490175.1,2023-03-20,portal+ncbi,S,S,,S,R
SAMN41558515,GCA_045490435.1,2023-06-05,portal+ncbi,S,S,,R,S
SAMN41558517,GCA_045490455.1,2023-06-05,portal+ncbi,S,S,,R,S
SAMN41558523,GCA_045490475.1,2023-06-05,portal+ncbi,S,S,S,S,S
SAMN41558525,GCA_045490555.1,2023-09-08,portal+ncbi,S,S,,R,S
SAMN41558528,GCA_045490195.1,2023-09-08,portal+ncbi,S,S,,S,S
SAMN41558531,GCA_045490265.1,2023-06-15,portal+ncbi,S,S,,R,S
SAMN43765496,GCA_043858345.1,2005,portal+ncbi,R,R,R,R,
SAMN43765497,GCA_043858235.1,2009,portal+ncbi,S,R,R,R,
SAMN43765498,GCA_043859635.1,2009,portal+ncbi,S,R,R,R,
SAMN43765499,GCA_043860075.1,2010,portal+ncbi,S,R,R,R,
SAMN43765500,GCA_043861595.1,2010,portal+ncbi,S,R,,R,
SAMN43765501,GCA_043863205.1,2010,portal+ncbi,S,S,,R,
SAMN43765502,GCA_043904745.1,2010,portal+ncbi,R,S,R,R,
SAMN43765503,GCA_043904865.1,2010,portal+ncbi,S,R,R,,
SAMN43765504,GCA_043905305.1,2010,portal+ncbi,S,R,R,R,
SAMN43765505,GCA_043905525.1,2011,portal+ncbi,S,R,R,R,
SAMN43765506,GCA_043858225.1,2011,portal+ncbi,R,R,R,R,
SAMN43765507,GCA_043858445.1,2011,portal+ncbi,R,R,R,,
SAMN43765508,GCA_043859295.1,2011,portal+ncbi,S,R,R,R,
SAMN43765509,GCA_043859305.1,2012,portal+ncbi,S,R,R,R,
SAMN43765510,GCA_043859285.1,2012,portal+ncbi,R,R,R,R,
SAMN43765511,GCA_043859275.1,2012,portal+ncbi,R,R,R,S,
SAMN43765512,GCA_043859365.1,2012,portal+ncbi,S,R,S,R,
SAMN43765513,GCA_043859485.1,2012,portal+ncbi,S,R,R,R,
SAMN43765514,GCA_043859615.1,2013,portal+ncbi,R,R,R,,
SAMN43765515,GCA_043859495.1,2013,portal+ncbi,S,S,,R,
SAMN43765516,GCA_043859655.1,2013,portal+ncbi,R,R,R,S,
SAMN43765517,GCA_043859735.1,2013,portal+ncbi,S,R,R,R,
SAMN43765518,GCA_043859815.1,2013,portal+ncbi,S,S,S,S,
SAMN43765519,GCA_043859795.1,2013,portal+ncbi,R,R,R,R,
SAMN43765520,GCA_043859835.1,2013,portal+ncbi,S,R,R,R,
SAMN43765521,GCA_043859855.1,2013,portal+ncbi,S,S,S,S,
SAMN43765522,GCA_043859995.1,2013,portal+ncbi,S,S,S,S,
SAMN43765523,GCA_043860015.1,2014,portal+ncbi,S,S,R,R,
SAMN43765524,GCA_043859975.1,2014,portal+ncbi,R,S,R,R,
SAMN43765525,GCA_043860055.1,2014,portal+ncbi,,R,R,R,
SAMN43765526,GCA_043860195.1,2014,portal+ncbi,S,S,S,R,
SAMN43765527,GCA_043860235.1,2014,portal+ncbi,S,R,R,R,
SAMN43765528,GCA_043860255.1,2014,portal+ncbi,R,R,R,S,
SAMN43765529,GCA_043860395.1,2014,portal+ncbi,,R,R,R,
SAMN43765530,GCA_043860375.1,2014,portal+ncbi,S,R,R,,
SAMN43765531,GCA_043860435.1,2014,portal+ncbi,R,S,R,R,
SAMN43765532,GCA_043860455.1,2015,portal+ncbi,R,R,R,R,
SAMN43765533,GCA_043860495.1,2015,portal+ncbi,R,R,R,R,
SAMN43765534,GCA_043861575.1,2015,portal+ncbi,,R,R,R,
SAMN43765535,GCA_043861645.1,2015,portal+ncbi,S,R,R,R,
SAMN43765536,GCA_043861665.1,2015,portal+ncbi,,R,R,R,
SAMN43765537,GCA_043863085.1,2015,portal+ncbi,,R,R,R,
SAMN43765538,GCA_043863065.1,2015,portal+ncbi,,S,R,R,
SAMN43765539,GCA_043863105.1,2015,portal+ncbi,R,R,R,S,
SAMN43765540,GCA_043863045.1,2015,portal+ncbi,,R,R,,
SAMN43765541,GCA_043863025.1,2015,portal+ncbi,S,R,R,S,
SAMN43765542,GCA_043863125.1,2016,portal+ncbi,R,,R,S,
SAMN43765543,GCA_043863145.1,2016,portal+ncbi,R,R,R,S,
SAMN43765544,GCA_043863165.1,2016,portal+ncbi,R,R,R,R,
SAMN43765545,GCA_043863185.1,2016,portal+ncbi,R,R,R,R,
SAMN43765546,GCA_043863245.1,2016,portal+ncbi,R,R,R,S,
SAMN43765547,GCA_043863225.1,2016,portal+ncbi,R,R,R,R,
SAMN43765548,GCA_043863265.1,2016,portal+ncbi,,R,R,R,
SAMN43765549,GCA_043863285.1,2016,portal+ncbi,R,R,R,S,
SAMN43765550,GCA_043863325.1,2017,portal+ncbi,R,S,R,S,
SAMN43765551,GCA_043863305.1,2017,portal+ncbi,R,R,R,S,
SAMN43765552,GCA_043863345.1,2017,portal+ncbi,,R,R,S,
SAMN43765553,GCA_043863385.1,2017,portal+ncbi,R,R,R,R,
SAMN43765554,GCA_043863405.1,2017,portal+ncbi,R,R,R,S,
SAMN43765555,GCA_043863365.1,2017,portal+ncbi,R,,R,R,
SAMN43765556,GCA_043863495.1,2017,portal+ncbi,R,R,R,,
SAMN43765557,GCA_043863445.1,2018,portal+ncbi,R,S,,R,
SAMN43765558,GCA_043863475.1,2018,portal+ncbi,R,R,R,R,
SAMN43765559,GCA_043863515.1,2018,portal+ncbi,R,R,R,S,
SAMN43765560,GCA_043863535.1,2018,portal+ncbi,,,R,R,
SAMN43765561,GCA_043863555.1,2018,portal+ncbi,R,R,R,S,
SAMN43765562,GCA_043904785.1,2018,portal+ncbi,R,R,R,R,
SAMN43765563,GCA_043904805.1,2018,portal+ncbi,,R,R,R,
SAMN43765564,GCA_043904825.1,2018,portal+ncbi,R,R,R,R,
SAMN43765565,GCA_043904845.1,2019,portal+ncbi,R,R,R,R,
SAMN43765566,GCA_043904885.1,2019,portal+ncbi,R,R,R,R,
SAMN43765567,GCA_043904905.1,2019,portal+ncbi,R,R,R,S,
SAMN43765568,GCA_043905165.1,2019,portal+ncbi,R,R,R,S,
SAMN43765569,GCA_043905145.1,2019,portal+ncbi,R,R,R,S,
SAMN43765570,GCA_043905185.1,2020,portal+ncbi,R,R,R,R,
SAMN43765571,GCA_043905225.1,2020,portal+ncbi,R,R,R,R,
SAMN43765572,GCA_043905245.1,2020,portal+ncbi,R,R,R,S,
SAMN43765573,GCA_043905265.1,2020,portal+ncbi,R,R,R,R,
SAMN43765574,GCA_043905325.1,2020,portal+ncbi,R,R,R,S,
SAMN43765575,GCA_043905285.1,2020,portal+ncbi,S,R,R,R,
SAMN43765576,GCA_043905355.1,2020,portal+ncbi,R,R,R,S,
SAMN43765577,GCA_043905385.1,2021,portal+ncbi,R,R,R,,
SAMN43765578,GCA_043905345.1,2021,portal+ncbi,R,R,R,R,
SAMN43765579,GCA_043905445.1,2021,portal+ncbi,R,R,R,R,
SAMN43765580,GCA_043905405.1,2021,portal+ncbi,R,R,R,,
SAMN43765581,GCA_043905425.1,2021,portal+ncbi,R,R,R,R,
SAMN43765582,GCA_043905465.1,2021,portal+ncbi,R,R,R,R,
SAMN43765583,GCA_043905565.1,2021,portal+ncbi,,R,R,R,
SAMN43765584,GCA_043905485.1,2022,portal+ncbi,R,R,R,R,
SAMN43765585,GCA_043905505.1,2022,portal+ncbi,R,R,R,S,
SAMN43765586,GCA_043905545.1,2022,portal+ncbi,R,R,R,R,
SAMN43765587,GCA_043905605.1,2022,portal+ncbi,R,R,R,R,
SAMN43765588,GCA_043905665.1,2022,portal+ncbi,R,R,R,R,
SAMN43765589,GCA_043905585.1,2022,portal+ncbi,R,R,R,R,
SAMN43765590,GCA_043905645.1,2022,portal+ncbi,R,R,R,R,
SAMN43765591,GCA_043905625.1,2022,portal+ncbi,R,R,R,S,
SAMN45204650,GCA_048590105.1,NULL,portal+ncbi,S,R,S,R,S
SAMN45204659,GCA_048589945.1,NULL,portal+ncbi,S,R,S,R,S
SAMN45204667,GCA_048589765.1,NULL,portal+ncbi,S,R,S,R,S
SAMN45204673,GCA_048589625.1,NULL,portal+ncbi,S,R,R,R,S
SAMN45204686,GCA_048589425.1,NULL,portal+ncbi,S,R,S,R,S
SAMN45204696,GCA_048589205.1,NULL,portal+ncbi,S,S,S,S,S
SAMN45204701,GCA_048589105.1,NULL,portal+ncbi,S,R,R,R,S
SAMN45204702,GCA_048589125.1,NULL,portal+ncbi,S,R,S,R,S
SAMN45204703,GCA_048589085.1,NULL,portal+ncbi,S,R,S,R,S
SAMN45204707,GCA_048587305.1,NULL,portal+ncbi,S,R,S,S,S
SAMN45204708,GCA_048587285.1,NULL,portal+ncbi,S,R,S,R,S
SAMN45204710,GCA_048587265.1,NULL,portal+ncbi,S,,R,R,S
SAMN45204711,GCA_048587215.1,NULL,portal+ncbi,S,S,R,R,S
SAMN45204712,GCA_048587165.1,NULL,portal+ncbi,S,R,S,R,S
SAMN45204713,GCA_048587155.1,NULL,portal+ncbi,S,S,S,R,S
SAMN45204714,GCA_048587195.1,NULL,portal+ncbi,S,R,S,R,S
SAMN45204715,GCA_048587135.1,NULL,portal+ncbi,S,R,S,R,S
SAMN45204716,GCA_048587115.1,NULL,portal+ncbi,S,R,S,R,S
SAMN45204722,GCA_048587035.1,NULL,portal+ncbi,S,R,S,R,S
SAMN45204723,GCA_048586975.1,NULL,portal+ncbi,S,R,R,R,S
SAMN45204724,GCA_048586965.1,NULL,portal+ncbi,S,R,R,R,S
SAMN45204726,GCA_048586925.1,NULL,portal+ncbi,S,R,S,R,S
SAMN45204728,GCA_048586885.1,NULL,portal+ncbi,S,S,S,S,S
SAMN45204730,GCA_048586815.1,NULL,portal+ncbi,S,S,S,S,S
SAMN45204733,GCA_048586825.1,NULL,portal+ncbi,S,R,R,R,S
SAMN45204734,GCA_048586775.1,NULL,portal+ncbi,S,S,S,S,S
SAMN45204737,GCA_048586715.1,NULL,portal+ncbi,S,R,S,R,S
SAMN45204767,GCA_048586145.1,NULL,portal+ncbi,S,R,,R,S
SAMN45204768,GCA_048586165.1,NULL,portal+ncbi,S,R,R,R,S
SAMN45204769,GCA_048586085.1,NULL,portal+ncbi,S,R,R,R,S
SAMN45204770,GCA_048586065.1,NULL,portal+ncbi,S,R,R,R,S
SAMN45204772,GCA_048586025.1,NULL,portal+ncbi,S,R,S,R,S
SAMN45204773,GCA_048586005.1,NULL,portal+ncbi,S,R,S,R,S
SAMN45204774,GCA_048585985.1,NULL,portal+ncbi,S,R,R,R,S
SAMN45204775,GCA_048585905.1,NULL,portal+ncbi,S,R,R,R,S
SAMN45204778,GCA_048585925.1,NULL,portal+ncbi,S,R,R,R,S
SAMN45204779,GCA_048758935.1,NULL,portal+ncbi,S,R,S,R,S
SAMN46544977,GCA_051549765.1,2020-10,ncbi,R,R,,,
SAMN46544979,GCA_051549735.1,2019-05,ncbi,R,R,,,
SAMN46544980,GCA_051549725.1,2020-03,ncbi,R,R,,,
SAMN46544982,GCA_051549705.1,2022-09,ncbi,R,R,,,
SAMN46544983,GCA_051549695.1,2022-10,ncbi,R,R,,,
SAMN46544984,GCA_051549675.1,2023-01,ncbi,R,R,,,
SAMN46544991,GCA_051549635.1,2022-07,ncbi,R,R,,,
SAMN46558231,GCA_050957565.1,2021-11,portal+ncbi,R,R,,,
SAMN46558233,GCA_050957505.1,2022-04,portal+ncbi,R,R,,,
SAMN46558234,GCA_050957455.1,2023-03,portal+ncbi,R,R,,,
SAMN46558240,GCA_050957305.1,2023-02,portal+ncbi,R,R,,,
SAMN46558884,GCA_050957025.1,2019-07,portal+ncbi,R,R,,,
SAMN46558885,GCA_050957005.1,2020-09,portal+ncbi,R,R,,,
SAMN46558887,GCA_050956965.1,2021-03,portal+ncbi,R,R,,,
SAMN46558888,GCA_050956945.1,2022-11,portal+ncbi,R,R,,,
SAMN46558889,GCA_050956915.1,2022-06,portal+ncbi,R,R,,,
SAMN46558890,GCA_050956905.1,2023-01,portal+ncbi,R,R,,,
SAMN46558900,GCA_050956725.1,2021-04,portal+ncbi,R,R,,,
SAMN46558901,GCA_050956655.1,2023-02,portal+ncbi,R,R,,,
SAMN46778009,GCA_051414835.1,2021,ncbi,R,,S,,
SAMN46778010,GCA_051414825.1,2021,ncbi,R,,R,,
SAMN46778011,GCA_051414815.1,2020,ncbi,R,,S,,
SAMN46841716,GCA_049381525.1,2022-09-23,portal+ncbi,R,R,R,,
SAMN46841722,GCA_049538235.1,2023-06-01,portal+ncbi,R,R,R,,
SAMN46841723,GCA_049381405.1,2022-08-09,portal+ncbi,R,R,R,,
SAMN46841724,GCA_049383765.1,2022-08-18,portal+ncbi,R,S,R,,
SAMN46841725,GCA_049538175.1,2023-08-09,portal+ncbi,R,R,R,,
SAMN46841726,GCA_049381385.1,2023-09-04,portal+ncbi,R,R,R,,
SAMN48878019,GCA_053674755.1,2023-04-30,ncbi,,,S,S,
SAMN48878022,GCA_058475795.1,2023-04-28,ncbi,S,,S,S,
SAMN48878038,GCA_059051745.1,2023-05-01,ncbi,S,,S,S,
SAMN48878051,GCA_053665695.1,2023-05-01,ncbi,,,R,S,
SAMN48878055,GCA_059055675.1,2023-04-30,ncbi,,,S,S,
SAMN48878063,GCA_053651235.1,2023-05-04,ncbi,,,R,R,
SAMN48878077,GCA_053675375.1,2023-05-02,ncbi,S,,S,S,
SAMN48878080,GCA_053667985.1,2023-05-04,ncbi,,,S,S,
SAMN48878094,GCA_059051015.1,2023-04-30,ncbi,S,,S,S,
SAMN48878141,GCA_053674075.1,2023-05-13,ncbi,,,S,S,
SAMN48878144,GCA_053674155.1,2023-05-13,ncbi,,,R,R,
SAMN48878151,GCA_059055335.1,2023-05-07,ncbi,,,R,R,
SAMN48878152,GCA_053674255.1,2023-05-11,ncbi,,,R,R,
SAMN48878173,GCA_059051585.1,2023-05-16,ncbi,,,S,S,
SAMN48878193,GCA_053651555.1,2023-05-17,ncbi,S,,,S,
SAMN48878199,GCA_053672015.1,2023-05-20,ncbi,,,S,S,
SAMN48878203,GCA_053676635.1,2023-05-19,ncbi,,,S,S,
SAMN48878211,GCA_053676695.1,2023-05-19,ncbi,,,S,S,
SAMN48878212,GCA_053676735.1,2023-05-18,ncbi,S,,S,S,
SAMN48878213,GCA_053676755.1,2023-05-14,ncbi,S,,S,S,
SAMN48878217,GCA_059056525.1,2023-05-18,ncbi,S,,S,S,
SAMN48878226,GCA_053664175.1,2023-05-27,ncbi,S,,S,S,
SAMN48878247,GCA_053672095.1,2023-05-22,ncbi,,,S,S,
SAMN48878251,GCA_053672135.1,2023-05-20,ncbi,,,S,S,
SAMN48878256,GCA_053672175.1,2023-05-23,ncbi,S,,S,S,
SAMN48878265,GCA_053672295.1,2023-05-24,ncbi,,,R,S,
SAMN48878273,GCA_053676935.1,2023-05-28,ncbi,S,,S,S,
SAMN48878274,GCA_053676955.1,2023-05-27,ncbi,S,,S,S,
SAMN48878279,GCA_059056715.1,2023-05-24,ncbi,S,,S,S,
SAMN48878290,GCA_059051875.1,2023-05-28,ncbi,,,R,R,
SAMN48878301,GCA_053665235.1,2023-05-29,ncbi,,,S,S,
SAMN48878309,GCA_053667075.1,2023-05-29,ncbi,,,S,S,
SAMN48878315,GCA_053672395.1,2023-05-31,ncbi,S,,S,S,
SAMN48878318,GCA_053672455.1,2023-05-31,ncbi,,,R,R,
SAMN48878319,GCA_053672495.1,2023-05-31,ncbi,,,R,S,
SAMN48878326,GCA_053649715.1,2023-06-01,ncbi,S,,R,R,
SAMN48878340,GCA_058476015.1,2023-05-29,ncbi,S,,S,S,
SAMN48878346,GCA_053674495.1,2023-06-03,ncbi,S,,S,S,
SAMN48878353,GCA_053674575.1,2023-06-07,ncbi,,,S,S,
SAMN48878364,GCA_059052085.1,2023-06-07,ncbi,,,S,S,
SAMN48878379,GCA_053660575.1,2023-06-10,ncbi,,,S,S,
SAMN48878380,GCA_053660655.1,2023-06-06,ncbi,,,S,S,
SAMN48878412,GCA_053674735.1,2023-06-06,ncbi,S,,,R,
SAMN48878424,GCA_053665815.1,2023-06-14,ncbi,S,,S,S,
SAMN48878443,GCA_053660755.1,2023-06-14,ncbi,,,S,S,
SAMN48878444,GCA_053660855.1,2023-06-14,ncbi,,,S,S,
SAMN48878447,GCA_053662865.1,2023-06-13,ncbi,,,S,S,
SAMN48878461,GCA_053664435.1,2023-06-14,ncbi,,,S,S,
SAMN48878473,GCA_053675015.1,2023-06-19,ncbi,,,R,R,
SAMN48878480,GCA_059055785.1,2023-06-19,ncbi,,,S,S,
SAMN48878483,GCA_053653095.1,2023-06-20,ncbi,,,S,S,
SAMN48878500,GCA_053666355.1,2023-06-22,ncbi,,,S,S,
SAMN48878525,GCA_053657175.1,2023-06-24,ncbi,,,S,S,
SAMN48878529,GCA_053664505.1,2023-06-13,ncbi,S,,S,S,
SAMN48878551,GCA_059055845.1,2023-06-26,ncbi,,,S,S,
SAMN48878557,GCA_053675215.1,2023-06-25,ncbi,,,S,S,
SAMN48878565,GCA_053651995.1,2023-07-01,ncbi,S,,R,R,
SAMN48878570,GCA_053667315.1,2023-06-28,ncbi,S,,S,R,
SAMN48878571,GCA_053667335.1,2023-06-26,ncbi,S,,S,S,
SAMN48878572,GCA_053667375.1,2023-06-28,ncbi,,,S,R,
SAMN48878581,GCA_053667645.1,2023-07-02,ncbi,S,,S,S,
SAMN48878583,GCA_053651155.1,2023-06-30,ncbi,,,R,S,
SAMN48878586,GCA_053667685.1,2023-06-30,ncbi,S,,S,R,
SAMN48878608,GCA_053673015.1,2023-07-05,ncbi,,,S,S,
SAMN48878611,GCA_053673035.1,2023-07-06,ncbi,,,S,S,
SAMN48878612,GCA_053673055.1,2023-07-03,ncbi,S,,R,S,
SAMN48878622,GCA_059050485.1,2023-07-04,ncbi,,,S,S,
SAMN48878623,GCA_059050645.1,2023-07-04,ncbi,,,S,S,
SAMN48878631,GCA_053661055.1,2023-07-07,ncbi,,,R,S,
SAMN48878645,GCA_053675525.1,2023-07-09,ncbi,,,S,S,
SAMN48878654,GCA_053675635.1,2023-06-29,ncbi,S,,S,S,
SAMN48878656,GCA_053655205.1,2023-07-07,ncbi,S,,R,S,
SAMN48878683,GCA_053673155.1,2023-07-10,ncbi,S,,R,R,
SAMN48878693,GCA_053673215.1,2023-07-09,ncbi,S,,S,S,
SAMN48878700,GCA_053654575.1,2023-07-07,ncbi,S,,R,S,
SAMN48878703,GCA_053661195.1,2023-07-15,ncbi,,,S,S,
SAMN48878712,GCA_053661175.1,2023-07-12,ncbi,,,S,S,
SAMN48878714,GCA_053659595.1,2023-07-13,ncbi,,,R,S,
SAMN48878748,GCA_053668295.1,2023-07-18,ncbi,S,,R,R,
SAMN48878754,GCA_059052895.1,2023-07-18,ncbi,,,S,S,
SAMN48878774,GCA_059054855.1,2023-07-18,ncbi,S,,R,R,
SAMN48878775,GCA_053673355.1,2023-07-18,ncbi,S,,S,R,
SAMN48878790,GCA_053663555.1,2023-07-21,ncbi,,,R,S,
SAMN48878795,GCA_053663615.1,2023-07-24,ncbi,S,,S,S,
SAMN48878800,GCA_059050925.1,2023-07-26,ncbi,S,,S,S,
SAMN48878805,GCA_053670875.1,2023-07-27,ncbi,S,,S,S,
SAMN48878817,GCA_053676115.1,2023-07-25,ncbi,S,,S,S,
SAMN48878819,GCA_053676155.1,2023-07-27,ncbi,,,S,S,
SAMN48878822,GCA_053676235.1,2023-07-28,ncbi,,,S,R,
SAMN48878834,GCA_059053025.1,2023-07-28,ncbi,S,,,S,
SAMN48878841,GCA_053656735.1,2023-07-28,ncbi,,,,S,
SAMN48878855,GCA_053673515.1,2023-07-29,ncbi,S,,S,S,
SAMN48878860,GCA_053673575.1,2023-07-27,ncbi,,,S,S,
SAMN48878879,GCA_053664755.1,2023-07-26,ncbi,,,S,S,
SAMN48878891,GCA_053656315.1,2023-07-30,ncbi,S,,R,R,
SAMN48878895,GCA_059056315.1,2023-08-01,ncbi,S,,S,S,
SAMN48878929,GCA_053656855.1,2023-08-04,ncbi,S,,S,S,
SAMN48878930,GCA_053671575.1,2023-08-07,ncbi,S,,S,S,
SAMN48878935,GCA_053671655.1,2023-08-08,ncbi,,,S,S,
SAMN48878940,GCA_053651855.1,2023-08-03,ncbi,S,,S,S,
SAMN48878952,GCA_059055135.1,2023-08-08,ncbi,,,S,S,
SAMN48878956,GCA_053673975.1,2023-08-09,ncbi,,,S,S,
SAMN48878959,GCA_053666855.1,2023-08-10,ncbi,,,S,S,
SAMN48878966,GCA_053656355.1,2023-08-10,ncbi,,,S,S,
SAMN51434626,GCA_060273855.1,2019-10-27,ncbi,S,R,S,S,R
SAMN51434627,GCA_060273815.1,2019-10-29,ncbi,S,R,S,S,S
SAMN51434628,GCA_060273775.1,2019-11-18,ncbi,S,S,S,S,S
SAMN51434629,GCA_060273795.1,2019-10-18,ncbi,S,S,S,S,S
SAMN51434630,GCA_060273755.1,2019-10-26,ncbi,S,S,S,S,S
SAMN51434631,GCA_060273715.1,2021-05-24,ncbi,S,R,S,S,S
SAMN51434632,GCA_060273725.1,2021-06-14,ncbi,S,S,S,S,S
SAMN51434633,GCA_060273695.1,2021-06-16,ncbi,S,R,S,R,S
SAMN51434634,GCA_060273675.1,2021-06-21,ncbi,S,R,S,S,S
SAMN51434635,GCA_060273655.1,2021-01-17,ncbi,S,R,S,S,
SAMN51434637,GCA_060273615.1,2021-01-28,ncbi,S,S,S,S,S
SAMN51434638,GCA_060273595.1,2021-01-29,ncbi,S,S,S,S,S
SAMN51434639,GCA_060273575.1,2021-03-10,ncbi,S,S,S,S,S
SAMN51434640,GCA_060273545.1,2021-03-13,ncbi,,R,S,R,S
SAMN51434641,GCA_060273535.1,2021-05-11,ncbi,S,R,S,S,S
SAMN51434642,GCA_060273515.1,2021-06-04,ncbi,S,S,S,S,S
SAMN51434643,GCA_060273495.1,2021-05-31,ncbi,S,S,S,R,S
SAMN51434644,GCA_060273475.1,2021-06-12,ncbi,S,R,,R,
SAMN51434645,GCA_060273455.1,2021-06-13,ncbi,S,R,S,R,S
SAMN51434646,GCA_060273435.1,2021-06-19,ncbi,S,R,S,S,S
SAMN51434647,GCA_060273415.1,2021-01-30,ncbi,R,R,S,R,S
SAMN51434648,GCA_060273395.1,2021-05-09,ncbi,S,R,S,S,S
SAMN51434649,GCA_060273375.1,2021-05-22,ncbi,S,S,S,S,S
SAMN51434650,GCA_060273355.1,2021-06-17,ncbi,S,S,S,R,S
SAMN51434651,GCA_060273335.1,2021-06-17,ncbi,S,R,S,S,S
SAMN51434652,GCA_060273315.1,2021-06-17,ncbi,,R,S,S,
SAMN51434653,GCA_060273275.1,2021-01-29,ncbi,S,S,S,S,S
SAMN51434654,GCA_060273285.1,2021-01-20,ncbi,S,S,S,S,S
SAMN51434655,GCA_060273255.1,2021-03-10,ncbi,S,S,S,S,S
SAMN51434656,GCA_060273215.1,2021-04-26,ncbi,S,S,S,S,S
SAMN51434657,GCA_060273225.1,2021-05-28,ncbi,S,S,S,S,S
SAMN51434658,GCA_060273195.1,2021-06-01,ncbi,S,R,R,R,
SAMN51434659,GCA_060273165.1,2021-06-04,ncbi,S,S,S,S,S
SAMN51434660,GCA_060273155.1,2021-06-11,ncbi,S,R,S,R,S
SAMN51434661,GCA_060273135.1,2021-06-13,ncbi,S,S,S,S,S
SAMN51434662,GCA_060273105.1,2021-06-15,ncbi,S,R,S,S,
SAMN51434663,GCA_060273095.1,2021-06-15,ncbi,S,S,S,S,S
SAMN51434664,GCA_060273075.1,2021-06-16,ncbi,S,R,S,S,S
SAMN51434665,GCA_060273055.1,2021-02-13,ncbi,S,S,S,S,S
SAMN51434666,GCA_060273035.1,2021-04-05,ncbi,S,R,S,S,S
SAMN51434667,GCA_060273015.1,2021-05-08,ncbi,S,S,S,S,S
SAMN51434668,GCA_060272995.1,2020-07-15,ncbi,,S,S,R,S
SAMN51434669,GCA_060272975.1,2020-07-15,ncbi,R,R,R,R,R
SAMN51434699,GCA_054470995.1,2021-10-03,ncbi,S,S,S,R,S
SAMN51434709,GCA_054471215.1,2021-09-04,ncbi,S,S,S,S,S
SAMN51434710,GCA_060272955.1,2020-01-16,ncbi,S,S,S,S,S
SAMN51434712,GCA_060272935.1,2020-09-30,ncbi,S,S,S,S,S
SAMN51434713,GCA_060272915.1,2020-11-05,ncbi,S,S,S,S,S
SAMN51434714,GCA_060272895.1,2021-01-03,ncbi,S,S,S,S,S
SAMN51434715,GCA_060272875.1,2021-08-12,ncbi,S,S,S,S,S
SAMN51434716,GCA_060272855.1,2020-10-31,ncbi,S,S,S,S,S
SAMN51434717,GCA_060272815.1,2021-02-22,ncbi,S,R,S,S,S
SAMN51434718,GCA_060272825.1,2020-12-04,ncbi,S,S,S,S,S
SAMN51434719,GCA_060272795.1,2021-09-19,ncbi,R,S,S,R,S
SAMN51434720,GCA_060272765.1,2022-12-31,ncbi,,R,S,S,S
SAMN51434721,GCA_060272755.1,2022-12-31,ncbi,R,R,S,R,
SAMN51434722,GCA_060272735.1,2022-12-31,ncbi,R,S,S,S,R
SAMN51434723,GCA_060272715.1,2022-12-31,ncbi,S,S,S,S,S
SAMN51434724,GCA_060272695.1,2022-12-31,ncbi,R,S,S,S,S
SAMN51434725,GCA_060272675.1,2022-12-31,ncbi,R,R,S,S,R
SAMN51434726,GCA_060272635.1,2022-12-31,ncbi,R,R,R,R,R
SAMN51434727,GCA_060272645.1,2022-12-31,ncbi,S,R,S,R,S
SAMN51434728,GCA_060272615.1,2022-12-31,ncbi,S,S,S,S,S
SAMN51434729,GCA_060272585.1,2022-12-31,ncbi,R,R,R,R,R
SAMN51434730,GCA_060272575.1,2022-12-31,ncbi,S,S,S,S,S
SAMN51434731,GCA_060272545.1,2022-12-31,ncbi,S,S,S,S,S
SAMN51434732,GCA_060272535.1,2022-12-31,ncbi,S,R,S,R,S
SAMN51434733,GCA_060272515.1,2022-12-31,ncbi,S,R,S,R,S
SAMN51434734,GCA_060272485.1,2022-12-31,ncbi,S,S,S,S,S
SAMN51434735,GCA_060272475.1,2022-12-31,ncbi,S,S,S,R,S
SAMN51434736,GCA_060272455.1,2022-12-31,ncbi,R,R,S,S,S
SAMN51434737,GCA_060272415.1,2022-12-31,ncbi,S,S,S,S,S
SAMN51434738,GCA_060272425.1,2022-12-31,ncbi,S,,S,S,S
SAMN51434739,GCA_060272395.1,2022-12-31,ncbi,S,R,S,R,S
SAMN51434740,GCA_060272355.1,2022-12-31,ncbi,R,S,S,S,R
SAMN51434741,GCA_060272365.1,2022-12-31,ncbi,S,S,S,S,S
SAMN51434742,GCA_060272335.1,2022-12-31,ncbi,S,S,S,S,S
SAMN51434743,GCA_060272295.1,2022-12-31,ncbi,S,S,S,R,S
SAMN51434744,GCA_060272315.1,2022-12-31,ncbi,S,S,S,S,S
SAMN51434745,GCA_060272275.1,2022-12-31,ncbi,,S,S,S,S
SAMN51434746,GCA_060272245.1,2022-12-31,ncbi,S,S,S,R,S
SAMN51434747,GCA_060272235.1,2022-12-31,ncbi,S,S,S,S,S
SAMN51434748,GCA_060272215.1,2022-12-31,ncbi,R,R,S,R,S
SAMN51434749,GCA_060272185.1,2022-12-31,ncbi,S,,S,S,S
SAMN51434750,GCA_060272175.1,2022-12-31,ncbi,S,,S,S,S
SAMN51434751,GCA_060272155.1,2022-12-31,ncbi,S,S,S,S,S
SAMN51434752,GCA_060272135.1,2022-12-31,ncbi,S,R,S,S,S
SAMN51434753,GCA_060272095.1,2022-12-31,ncbi,S,R,S,S,S
SAMN51434754,GCA_060272105.1,2022-12-31,ncbi,S,R,S,S,S
SAMN51434755,GCA_060272075.1,2022-12-31,ncbi,S,R,S,S,S
SAMN51434756,GCA_060272055.1,2022-12-31,ncbi,S,S,S,S,S
SAMN51434757,GCA_060272035.1,2022-12-31,ncbi,R,R,S,S,R
SAMN51434758,GCA_060272015.1,2022-12-31,ncbi,S,S,S,S,S
SAMN51434759,GCA_060271995.1,2022-12-31,ncbi,S,S,S,S,S
SAMN51434760,GCA_060271975.1,2022-12-31,ncbi,S,S,S,S,S
SAMN51434761,GCA_060271955.1,2022-12-31,ncbi,R,S,S,S,R
SAMN51434762,GCA_060271935.1,2022-12-31,ncbi,,S,S,S,S
SAMN51434763,GCA_060271915.1,2022-12-31,ncbi,S,R,S,S,S
SAMN51434764,GCA_060271895.1,2022-12-31,ncbi,R,S,S,S,R
SAMN51434765,GCA_060271875.1,2022-12-31,ncbi,R,S,S,S,
SAMN51434766,GCA_060271855.1,2022-12-31,ncbi,,S,S,S,S
SAMN51434767,GCA_060271835.1,2022-12-31,ncbi,R,R,S,S,R
SAMN51434768,GCA_060271815.1,2022-04-11,ncbi,R,S,S,S,R
SAMN51434769,GCA_060271785.1,2022-04-13,ncbi,S,S,S,S,S
SAMN51434770,GCA_060271775.1,2022-04-01,ncbi,S,S,S,S,R
SAMN51434771,GCA_060271755.1,2022-04-13,ncbi,R,R,S,S,R
SAMN51434772,GCA_060271715.1,2022-04-13,ncbi,R,S,S,S,R
SAMN51434773,GCA_060271725.1,2022-04-13,ncbi,R,R,S,S,R
SAMN51434774,GCA_060271695.1,2022-04-13,ncbi,R,S,S,S,R
SAMN51434775,GCA_060271665.1,2022-04-14,ncbi,R,S,S,S,R
SAMN51434776,GCA_060271655.1,2022-04-01,ncbi,S,R,S,S,S
SAMN51434777,GCA_060271635.1,2022-04-14,ncbi,R,S,S,S,R
SAMN51434778,GCA_060271615.1,2022-04-14,ncbi,R,S,S,S,
SAMN51434779,GCA_060271595.1,2022-04-13,ncbi,R,R,S,S,R
SAMN51434780,GCA_060271575.1,2022-04-14,ncbi,R,S,S,S,R
SAMN51434781,GCA_060271525.1,2022-04-14,ncbi,R,S,S,S,R
SAMN51434782,GCA_060271555.1,2022-04-14,ncbi,R,R,S,S,R
SAMN51434783,GCA_060271515.1,2022-04-14,ncbi,R,S,R,R,R
SAMN51434784,GCA_060271485.1,2022-04-14,ncbi,R,S,S,S,R
SAMN51434785,GCA_060271475.1,2022-04-14,ncbi,R,S,S,S,R
SAMN51434786,GCA_060271455.1,2022-04-14,ncbi,R,S,S,S,R
SAMN51434787,GCA_060271435.1,2022-04-14,ncbi,R,S,S,S,
SAMN51434788,GCA_060271415.1,2022-04-01,ncbi,S,R,S,S,S
SAMN51434789,GCA_060271395.1,2022-04-13,ncbi,R,S,S,S,R
SAMN51434790,GCA_060271355.1,2022-04-13,ncbi,R,S,S,S,R
SAMN51434791,GCA_060271375.1,2022-06-10,ncbi,R,S,S,S,R
SAMN51434792,GCA_060271335.1,2022-02-22,ncbi,R,R,S,S,R
SAMN51434793,GCA_060271305.1,2022-01-28,ncbi,S,S,S,S,S
SAMN51434794,GCA_060271275.1,2022-05-13,ncbi,R,S,S,S,R
SAMN51434795,GCA_060271295.1,2022-07-20,ncbi,R,S,S,S,R
SAMN51434796,GCA_060271255.1,2022-07-20,ncbi,R,S,S,S,S
SAMN51434797,GCA_060271235.1,2022-02-23,ncbi,R,S,S,S,R
SAMN51434798,GCA_060271215.1,2022-03-17,ncbi,R,S,S,S,R
SAMN51434799,GCA_060271185.1,2022-05-18,ncbi,R,S,S,S,R
SAMN51434800,GCA_060271175.1,2022-05-17,ncbi,R,S,S,S,R
SAMN51434801,GCA_060271155.1,2022-05-24,ncbi,R,S,S,S,R
SAMN51434802,GCA_060271115.1,2022-05-31,ncbi,R,S,S,S,R
SAMN51434803,GCA_060271135.1,2022-07-01,ncbi,R,S,S,S,R
SAMN51434804,GCA_060271095.1,2022-07-22,ncbi,S,R,S,S,S
SAMN51434805,GCA_060271055.1,2022-03-04,ncbi,R,R,,S,R
SAMN51434893,GCA_060269485.1,2019-12-31,ncbi,R,R,R,R,R
SAMN51434894,GCA_060269455.1,2019-12-31,ncbi,S,R,S,S,S
SAMN51434895,GCA_060269435.1,2019-12-31,ncbi,R,R,S,S,S
SAMN51434896,GCA_060269415.1,2019-12-31,ncbi,R,S,S,S,S
SAMN51434897,GCA_060269395.1,2019-12-31,ncbi,,R,S,S,S
SAMN51434898,GCA_060269375.1,2019-12-31,ncbi,R,R,R,S,R
SAMN51434899,GCA_060269355.1,2019-12-31,ncbi,S,,S,S,S
SAMN51434900,GCA_060269335.1,2019-12-31,ncbi,S,S,S,R,S
SAMN51434901,GCA_060269315.1,2019-12-31,ncbi,S,S,S,R,S
SAMN51434902,GCA_060269295.1,2019-12-31,ncbi,R,S,S,S,R
SAMN54368220,GCA_054462055.1,2022-02,ncbi,S,S,R,R,
SAMN55283965,GCA_055029235.1,2020-12-14,ncbi,S,R,R,R,
SAMN55283966,GCA_055029245.1,2021-05-14,ncbi,S,R,R,R,S
SAMN55283967,GCA_055029315.1,2021-03-02,ncbi,S,S,R,R,S
SAMN55385771,GCA_055557455.1,2025-06-10,ncbi,R,S,R,R,
