organism,taxon_id,antibiotic,n_resistant,n_susceptible,n_intermediate,total_RS,balance
Escherichia coli,562,ciprofloxacin,2066,6559,120,8625,0.24
Escherichia coli,562,ceftazidime,998,6210,250,7208,0.138
Escherichia coli,562,piperacillin/tazobactam,473,5850,193,6323,0.075
Escherichia coli,562,cefotaxime,1269,5317,91,6586,0.193
Escherichia coli,562,gentamicin,872,6687,169,7559,0.115
Escherichia coli,562,meropenem,69,5934,39,6003,0.011
Escherichia coli,562,ampicillin,3796,2906,13,6702,0.434
Escherichia coli,562,cefuroxime,776,4314,11,5090,0.152
Escherichia coli,562,trimethoprim/sulfamethoxazole,1438,2704,41,4142,0.347
Escherichia coli,562,tigecycline,10,4334,10,4344,0.002
Escherichia coli,562,cefepime,211,1218,69,1429,0.148
Escherichia coli,562,amoxicillin/clavulanic acid,1484,2940,94,4424,0.335
Escherichia coli,562,imipenem,110,1611,11,1721,0.064
Escherichia coli,562,amikacin,30,2477,88,2507,0.012
Escherichia coli,562,tobramycin,372,1402,50,1774,0.21
Escherichia coli,562,aztreonam,229,960,43,1189,0.193
Escherichia coli,562,ceftriaxone,465,709,2,1174,0.396
Escherichia coli,562,chloramphenicol,299,666,26,965,0.31
Escherichia coli,562,colistin,51,193,28,244,0.209
Escherichia coli,562,minocycline,12,178,8,190,0.063
Escherichia coli,562,amoxicillin,1042,734,77,1776,0.413
Escherichia coli,562,cefoxitin,401,764,58,1165,0.344
Escherichia coli,562,tetracycline,650,448,7,1098,0.408
Escherichia coli,562,nalidixic acid,262,950,29,1212,0.216
Escherichia coli,562,cefpodoxime,104,72,1,176,0.409
Escherichia coli,562,fosfomycin,4,170,1,174,0.023
Escherichia coli,562,ampicillin/sulbactam,138,140,27,278,0.496
Escherichia coli,562,levofloxacin,291,111,9,402,0.276
Escherichia coli,562,cefotetan,4,120,2,124,0.032
Escherichia coli,562,doripenem,24,72,9,96,0.25
Escherichia coli,562,piperacillin,17,16,1,33,0.485
Escherichia coli,562,cefmetazole,0,0,0,0,0.0
Escherichia coli,562,tigecyklin,0,0,0,0,0.0
Escherichia coli,562,cefoperazone/sulbactam,0,0,0,0,0.0
Escherichia coli,562,cefozopran,0,0,0,0,0.0
Escherichia coli,562,ertapenem,205,723,9,928,0.221
Escherichia coli,562,cefotaxime/clavulanic acid,2,0,0,2,0.0
Escherichia coli,562,ceftazidime/clavulanic acid,0,0,0,0,0.0
Escherichia coli,562,amoxicillin_clavulanat,0,0,0,0,0.0
Escherichia coli,562,trimethoprim,648,737,4,1385,0.468
Escherichia coli,562,cefpirom,0,0,0,0,0.0
Escherichia coli,562,streptomycin,345,244,53,589,0.414
Escherichia coli,562,azithromycin,30,554,0,584,0.051
Escherichia coli,562,nitrofurantoin,43,636,19,679,0.063
Escherichia coli,562,cefazolin,320,95,49,415,0.229
Escherichia coli,562,ceftobiprole,0,0,0,0,0.0
Escherichia coli,562,cephalothin,302,139,0,441,0.315
Escherichia coli,562,doxycycline,149,77,72,226,0.341
Escherichia coli,562,ceftiofur,106,98,1,204,0.48
Escherichia coli,562,norfloxacin,76,344,12,420,0.181
Escherichia coli,562,sulfisoxazole,99,12,0,111,0.108
Escherichia coli,562,tetracyklin,0,0,0,0,0.0
Escherichia coli,562,sulfamethoxazole,176,188,0,364,0.484
Escherichia coli,562,cefalotin,60,191,163,251,0.239
Klebsiella pneumoniae,573,meropenem,1496,2557,159,4053,0.369
Klebsiella pneumoniae,573,gentamicin,1633,2593,118,4226,0.386
Klebsiella pneumoniae,573,ciprofloxacin,2557,1183,103,3740,0.316
Klebsiella pneumoniae,573,ceftazidime,2673,989,95,3662,0.27
Klebsiella pneumoniae,573,amikacin,471,2540,442,3011,0.156
Klebsiella pneumoniae,573,trimethoprim/sulfamethoxazole,2331,1148,25,3479,0.33
Klebsiella pneumoniae,573,ampicillin,3270,7,86,3277,0.002
Klebsiella pneumoniae,573,piperacillin/tazobactam,1728,852,243,2580,0.33
Klebsiella pneumoniae,573,cefepime,1391,868,248,2259,0.384
Klebsiella pneumoniae,573,cefoxitin,1553,1044,214,2597,0.402
Klebsiella pneumoniae,573,imipenem,970,1303,72,2273,0.427
Klebsiella pneumoniae,573,aztreonam,2220,476,57,2696,0.177
Klebsiella pneumoniae,573,cefuroxime,2358,107,15,2465,0.043
Klebsiella pneumoniae,573,ceftriaxone,2145,417,62,2562,0.163
Klebsiella pneumoniae,573,tobramycin,1276,939,388,2215,0.424
Klebsiella pneumoniae,573,cefazolin,2030,429,0,2459,0.174
Klebsiella pneumoniae,573,levofloxacin,1604,393,41,1997,0.197
Klebsiella pneumoniae,573,tetracycline,958,858,197,1816,0.472
Klebsiella pneumoniae,573,ampicillin/sulbactam,1684,245,125,1929,0.127
Klebsiella pneumoniae,573,cefotaxime,1158,420,37,1578,0.266
Klebsiella pneumoniae,573,colistin,338,1026,0,1364,0.248
Klebsiella pneumoniae,573,tigecycline,262,690,117,952,0.275
Klebsiella pneumoniae,573,ertapenem,1112,399,10,1511,0.264
Klebsiella pneumoniae,573,amoxicillin/clavulanic acid,1029,202,29,1231,0.164
Klebsiella pneumoniae,573,nitrofurantoin,895,207,285,1102,0.188
Klebsiella pneumoniae,573,fosfomycin,85,214,11,299,0.284
Klebsiella pneumoniae,573,polymyxin B,44,147,1,191,0.23
Klebsiella pneumoniae,573,chloramphenicol,318,112,30,430,0.26
Klebsiella pneumoniae,573,minocycline,11,36,10,47,0.234
Klebsiella pneumoniae,573,extended spectrum beta lactamase,191,260,0,451,0.424
Klebsiella pneumoniae,573,cefpodoxime,181,46,0,227,0.203
Klebsiella pneumoniae,573,doripenem,170,22,18,192,0.115
Klebsiella pneumoniae,573,cefotaxime/clavulanic acid,24,0,1,24,0.0
Klebsiella pneumoniae,573,ceftazidime/clavulanic acid,0,0,0,0,0.0
Salmonella enterica,28901,ampicillin,1426,2683,2,4109,0.347
Salmonella enterica,28901,ciprofloxacin,338,3490,208,3828,0.088
Salmonella enterica,28901,gentamicin,327,3707,58,4034,0.081
Salmonella enterica,28901,tetracycline,1453,2582,16,4035,0.36
Salmonella enterica,28901,chloramphenicol,488,3545,18,4033,0.121
Salmonella enterica,28901,azithromycin,137,3807,0,3944,0.035
Salmonella enterica,28901,streptomycin,916,2859,10,3775,0.243
Salmonella enterica,28901,kanamycin,117,2746,0,2863,0.041
Salmonella enterica,28901,cefotaxime,340,2344,4,2684,0.127
Salmonella enterica,28901,meropenem,0,2415,0,2415,0.0
Salmonella enterica,28901,nalidixic acid,489,1361,1,1850,0.264
Salmonella enterica,28901,trimethoprim/sulfamethoxazole,183,1508,0,1691,0.108
Salmonella enterica,28901,trimethoprim,141,2026,0,2167,0.065
Salmonella enterica,28901,cefoxitin,174,1388,43,1562,0.111
Salmonella enterica,28901,spectinomycin,112,2048,0,2160,0.052
Salmonella enterica,28901,sulfathiazole,290,1845,0,2135,0.136
Salmonella enterica,28901,amoxicillin/clavulanic acid,201,1107,63,1308,0.154
Salmonella enterica,28901,ceftiofur,219,1199,1,1418,0.154
Salmonella enterica,28901,ceftriaxone,212,1030,0,1242,0.171
Salmonella enterica,28901,sulfisoxazole,467,769,0,1236,0.378
Salmonella enterica,28901,imipenem,0,532,2,532,0.0
Salmonella enterica,28901,ceftazidime,7,278,6,285,0.025
Salmonella enterica,28901,sulfonamides,288,100,0,388,0.258
Salmonella enterica,28901,colistin,3,299,0,302,0.01
Mycobacterium tuberculosis,1773,isoniazid,4982,10810,0,15792,0.315
Mycobacterium tuberculosis,1773,rifampin,3785,12087,0,15872,0.238
Mycobacterium tuberculosis,1773,ethambutol,2897,11445,0,14342,0.202
Mycobacterium tuberculosis,1773,amikacin,602,4022,0,4624,0.13
Mycobacterium tuberculosis,1773,kanamycin,501,3197,0,3698,0.135
Mycobacterium tuberculosis,1773,rifabutin,961,1077,0,2038,0.472
Mycobacterium tuberculosis,1773,ethionamide,1133,1355,12,2488,0.455
Mycobacterium tuberculosis,1773,pyrazinamide,1141,8683,0,9824,0.116
Mycobacterium tuberculosis,1773,moxifloxacin,1181,2367,0,3548,0.333
Mycobacterium tuberculosis,1773,bedaquiline,25,2025,0,2050,0.012
Mycobacterium tuberculosis,1773,delamanid,571,1477,0,2048,0.279
Mycobacterium tuberculosis,1773,clofazimine,200,1838,0,2038,0.098
Mycobacterium tuberculosis,1773,levofloxacin,1539,503,0,2042,0.246
Mycobacterium tuberculosis,1773,linezolid,207,1846,0,2053,0.101
Mycobacterium tuberculosis,1773,streptomycin,2441,4884,0,7325,0.333
Mycobacterium tuberculosis,1773,capreomycin,497,2096,0,2593,0.192
Mycobacterium tuberculosis,1773,para-aminosalicylic acid,365,2198,0,2563,0.142
Mycobacterium tuberculosis,1773,ofloxacin,558,1744,0,2302,0.242
Mycobacterium tuberculosis,1773,prothionamide,424,777,0,1201,0.353
Mycobacterium tuberculosis,1773,amoxicillin,25,741,0,766,0.033
Mycobacterium tuberculosis,1773,cycloserine,59,464,0,523,0.113
Mycobacterium tuberculosis,1773,ciprofloxacin,59,291,0,350,0.169
Mycobacterium tuberculosis,1773,pretomanid,0,0,0,0,0.0
Staphylococcus aureus,1280,ciprofloxacin,1434,1882,73,3316,0.432
Staphylococcus aureus,1280,gentamicin,380,3000,76,3380,0.112
Staphylococcus aureus,1280,erythromycin,1499,1925,8,3424,0.438
Staphylococcus aureus,1280,tetracycline,501,2562,64,3063,0.164
Staphylococcus aureus,1280,vancomycin,54,2349,167,2403,0.022
Staphylococcus aureus,1280,fusidic acid,350,2080,0,2430,0.144
Staphylococcus aureus,1280,rifampin,52,2307,3,2359,0.022
Staphylococcus aureus,1280,penicillin,2138,267,0,2405,0.111
Staphylococcus aureus,1280,cefoxitin,1349,844,0,2193,0.385
Staphylococcus aureus,1280,oxacillin,888,1053,3,1941,0.457
Staphylococcus aureus,1280,clindamycin,918,1085,8,2003,0.458
Staphylococcus aureus,1280,linezolid,7,1878,0,1885,0.004
Staphylococcus aureus,1280,daptomycin,358,1172,0,1530,0.234
Staphylococcus aureus,1280,mupirocin,55,1625,13,1680,0.033
Staphylococcus aureus,1280,trimethoprim/sulfamethoxazole,292,1312,3,1604,0.182
Staphylococcus aureus,1280,chloramphenicol,122,1371,31,1493,0.082
Staphylococcus aureus,1280,methicillin,669,771,0,1440,0.465
Staphylococcus aureus,1280,trimethoprim,21,602,0,623,0.034
Staphylococcus aureus,1280,teicoplanin,5,407,2,412,0.012
Staphylococcus aureus,1280,fosfomycin,1,314,0,315,0.003
Staphylococcus aureus,1280,levofloxacin,34,282,1,316,0.108
Staphylococcus aureus,1280,moxifloxacin,167,89,2,256,0.348
Acinetobacter baumannii,470,ciprofloxacin,1702,169,25,1871,0.09
Acinetobacter baumannii,470,gentamicin,1549,199,94,1748,0.114
Acinetobacter baumannii,470,ceftazidime,1286,214,269,1500,0.143
Acinetobacter baumannii,470,imipenem,757,757,83,1514,0.5
Acinetobacter baumannii,470,ceftriaxone,1443,69,120,1512,0.046
Acinetobacter baumannii,470,amikacin,875,634,72,1509,0.42
Acinetobacter baumannii,470,tobramycin,931,514,120,1445,0.356
Acinetobacter baumannii,470,levofloxacin,945,217,336,1162,0.187
Acinetobacter baumannii,470,trimethoprim/sulfamethoxazole,1133,171,32,1304,0.131
Acinetobacter baumannii,470,ampicillin/sulbactam,599,516,198,1115,0.463
Acinetobacter baumannii,470,tetracycline,824,237,52,1061,0.223
Acinetobacter baumannii,470,cefotaxime,786,31,58,817,0.038
Acinetobacter baumannii,470,ampicillin,882,3,0,885,0.003
Acinetobacter baumannii,470,aztreonam,822,2,20,824,0.002
Acinetobacter baumannii,470,meropenem,431,206,57,637,0.323
Acinetobacter baumannii,470,cefazolin,729,2,0,731,0.003
Acinetobacter baumannii,470,nitrofurantoin,715,0,0,715,0.0
Acinetobacter baumannii,470,piperacillin/tazobactam,428,13,10,441,0.029
Acinetobacter baumannii,470,cefoxitin,518,0,0,518,0.0
Acinetobacter baumannii,470,cefepime,359,16,37,375,0.043
Acinetobacter baumannii,470,colistin,13,287,0,300,0.043
Acinetobacter baumannii,470,tigecycline,5,229,24,234,0.021
Pseudomonas aeruginosa,287,meropenem,540,421,99,961,0.438
Pseudomonas aeruginosa,287,ceftazidime,399,388,95,787,0.493
Pseudomonas aeruginosa,287,ciprofloxacin,419,249,67,668,0.373
Pseudomonas aeruginosa,287,tobramycin,221,394,10,615,0.359
Pseudomonas aeruginosa,287,amikacin,130,471,39,601,0.216
Pseudomonas aeruginosa,287,levofloxacin,314,277,43,591,0.469
Pseudomonas aeruginosa,287,colistin,4,487,1,491,0.008
Pseudomonas aeruginosa,287,imipenem,227,108,23,335,0.322
Pseudomonas aeruginosa,287,ceftazidime/avibactam,139,170,0,309,0.45
Pseudomonas aeruginosa,287,aztreonam,121,123,29,244,0.496
Neisseria gonorrhoeae,485,azithromycin,821,6461,33,7282,0.113
Neisseria gonorrhoeae,485,ceftriaxone,43,7543,6,7586,0.006
Neisseria gonorrhoeae,485,ciprofloxacin,1481,2143,6,3624,0.409
Neisseria gonorrhoeae,485,cefixime,105,2923,0,3028,0.035
Neisseria gonorrhoeae,485,penicillin,888,1596,619,2484,0.357
Neisseria gonorrhoeae,485,tetracycline,359,2207,251,2566,0.14
Neisseria gonorrhoeae,485,spectinomycin,0,3396,5,3396,0.0
Neisseria gonorrhoeae,485,gentamicin,0,153,304,153,0.0
Neisseria gonorrhoeae,485,cefpodoxime,0,0,0,0,0.0
Neisseria gonorrhoeae,485,ertapenem,0,0,0,0,0.0
Streptococcus pneumoniae,1313,penicillin,4442,14225,608,18667,0.238
Streptococcus pneumoniae,1313,trimethoprim/sulfamethoxazole,6060,6733,1762,12793,0.474
Streptococcus pneumoniae,1313,erythromycin,3246,8854,60,12100,0.268
Streptococcus pneumoniae,1313,tetracycline,2809,6530,1936,9339,0.301
Streptococcus pneumoniae,1313,chloramphenicol,655,9174,8,9829,0.067
Streptococcus pneumoniae,1313,ceftriaxone,54,3147,110,3201,0.017
Streptococcus pneumoniae,1313,cefotaxime,30,3158,92,3188,0.009
Streptococcus pneumoniae,1313,cefepime,53,2923,100,2976,0.018
Streptococcus pneumoniae,1313,beta-lactam,0,1554,0,1554,0.0
Streptococcus pneumoniae,1313,clindamycin,142,1793,10,1935,0.073
Streptococcus pneumoniae,1313,levofloxacin,2,1668,2,1670,0.001
Streptococcus pneumoniae,1313,meropenem,40,1703,63,1743,0.023
Streptococcus pneumoniae,1313,linezolid,0,1726,0,1726,0.0
Streptococcus pneumoniae,1313,vancomycin,0,1673,0,1673,0.0
Streptococcus pneumoniae,1313,cefuroxime,117,1510,23,1627,0.072
Streptococcus pneumoniae,1313,ertapenem,0,1461,10,1461,0.0
Streptococcus pneumoniae,1313,moxifloxacin,1,1465,4,1466,0.001
Streptococcus pneumoniae,1313,tigecycline,0,0,0,0,0.0
Streptococcus pneumoniae,1313,amoxicillin/clavulanic acid,19,1306,20,1325,0.014
Streptococcus pneumoniae,1313,azithromycin,147,1152,0,1299,0.113
Streptococcus pneumoniae,1313,daptomycin,0,0,0,0,0.0
Streptococcus pneumoniae,1313,trimethoprim,1,21,0,22,0.045
